<?xml version="1.0" encoding="UTF-8" ?>
<!DOCTYPE mapper PUBLIC "-//mybatis.org//DTD Mapper 3.0//EN" "http://mybatis.org/dtd/mybatis-3-mapper.dtd" >
<mapper namespace="com.modules.tradecheckrecords.dao.TradecheckrecordsModelMapper" >
  <resultMap id="BaseResultMap" type="com.modules.tradecheckrecords.model.TradecheckrecordsModel" >
    <id column="ID" property="id" jdbcType="INTEGER" />
    <result column="EventID" property="eventid" jdbcType="VARCHAR" />
    <result column="TradeID" property="tradeid" jdbcType="VARCHAR" />
    <result column="SeqNo" property="seqno" jdbcType="BIGINT" />
    <result column="EventType" property="eventtype" jdbcType="INTEGER" />
    <result column="MakerID" property="makerid" jdbcType="VARCHAR" />
    <result column="CheckerID" property="checkerid" jdbcType="VARCHAR" />
    <result column="IsAccept" property="isaccept" jdbcType="INTEGER" />
    <result column="CheckStatus" property="checkstatus" jdbcType="INTEGER" />
    <result column="Comment" property="comment" jdbcType="VARCHAR" />
    <result column="lastUpdateTime" property="lastupdatetime" jdbcType="TIMESTAMP" />
  </resultMap>
  <sql id="Example_Where_Clause" >
    <where >
      <foreach collection="oredCriteria" item="criteria" separator="or" >
        <if test="criteria.valid" >
          <trim prefix="(" suffix=")" prefixOverrides="and" >
            <foreach collection="criteria.criteria" item="criterion" >
              <choose >
                <when test="criterion.noValue" >
                  and ${criterion.condition}
                </when>
                <when test="criterion.singleValue" >
                  and ${criterion.condition} #{criterion.value}
                </when>
                <when test="criterion.betweenValue" >
                  and ${criterion.condition} #{criterion.value} and #{criterion.secondValue}
                </when>
                <when test="criterion.listValue" >
                  and ${criterion.condition}
                  <foreach collection="criterion.value" item="listItem" open="(" close=")" separator="," >
                    #{listItem}
                  </foreach>
                </when>
              </choose>
            </foreach>
          </trim>
        </if>
      </foreach>
    </where>
  </sql>
  <sql id="Update_By_Example_Where_Clause" >
    <where >
      <foreach collection="example.oredCriteria" item="criteria" separator="or" >
        <if test="criteria.valid" >
          <trim prefix="(" suffix=")" prefixOverrides="and" >
            <foreach collection="criteria.criteria" item="criterion" >
              <choose >
                <when test="criterion.noValue" >
                  and ${criterion.condition}
                </when>
                <when test="criterion.singleValue" >
                  and ${criterion.condition} #{criterion.value}
                </when>
                <when test="criterion.betweenValue" >
                  and ${criterion.condition} #{criterion.value} and #{criterion.secondValue}
                </when>
                <when test="criterion.listValue" >
                  and ${criterion.condition}
                  <foreach collection="criterion.value" item="listItem" open="(" close=")" separator="," >
                    #{listItem}
                  </foreach>
                </when>
              </choose>
            </foreach>
          </trim>
        </if>
      </foreach>
    </where>
  </sql>
  <sql id="Base_Column_List" >
    ID, EventID, TradeID, SeqNo, EventType, MakerID, CheckerID, IsAccept, CheckStatus, 
    Comment, lastUpdateTime
  </sql>
  <select id="selectByExample" resultMap="BaseResultMap" parameterType="com.modules.tradecheckrecords.model.TradecheckrecordsModelExample" >
    select
    <if test="distinct" >
      distinct
    </if>
    'false' as QUERYID,
    <include refid="Base_Column_List" />
    from tradecheckrecords
    <if test="_parameter != null" >
      <include refid="Example_Where_Clause" />
    </if>
    <if test="orderByClause != null" >
      order by ${orderByClause}
    </if>
  </select>
  <select id="selectByPrimaryKey" resultMap="BaseResultMap" parameterType="java.lang.Integer" >
    select 
    <include refid="Base_Column_List" />
    from tradecheckrecords
    where ID = #{id,jdbcType=INTEGER}
  </select>
  <delete id="deleteByPrimaryKey" parameterType="java.lang.Integer" >
    delete from tradecheckrecords
    where ID = #{id,jdbcType=INTEGER}
  </delete>
  <delete id="deleteByExample" parameterType="com.modules.tradecheckrecords.model.TradecheckrecordsModelExample" >
    delete from tradecheckrecords
    <if test="_parameter != null" >
      <include refid="Example_Where_Clause" />
    </if>
  </delete>
  <insert id="insert" parameterType="com.modules.tradecheckrecords.model.TradecheckrecordsModel" >
    insert into tradecheckrecords (ID, EventID, TradeID, 
      SeqNo, EventType, MakerID, 
      CheckerID, IsAccept, CheckStatus, 
      Comment, lastUpdateTime)
    values (#{id,jdbcType=INTEGER}, #{eventid,jdbcType=VARCHAR}, #{tradeid,jdbcType=VARCHAR}, 
      #{seqno,jdbcType=BIGINT}, #{eventtype,jdbcType=INTEGER}, #{makerid,jdbcType=VARCHAR}, 
      #{checkerid,jdbcType=VARCHAR}, #{isaccept,jdbcType=INTEGER}, #{checkstatus,jdbcType=INTEGER}, 
      #{comment,jdbcType=VARCHAR}, #{lastupdatetime,jdbcType=TIMESTAMP})
  </insert>
  <insert id="insertSelective" parameterType="com.modules.tradecheckrecords.model.TradecheckrecordsModel" >
    insert into tradecheckrecords
    <trim prefix="(" suffix=")" suffixOverrides="," >
      <if test="id != null" >
        ID,
      </if>
      <if test="eventid != null" >
        EventID,
      </if>
      <if test="tradeid != null" >
        TradeID,
      </if>
      <if test="seqno != null" >
        SeqNo,
      </if>
      <if test="eventtype != null" >
        EventType,
      </if>
      <if test="makerid != null" >
        MakerID,
      </if>
      <if test="checkerid != null" >
        CheckerID,
      </if>
      <if test="isaccept != null" >
        IsAccept,
      </if>
      <if test="checkstatus != null" >
        CheckStatus,
      </if>
      <if test="comment != null" >
        Comment,
      </if>
      <if test="lastupdatetime != null" >
        lastUpdateTime,
      </if>
    </trim>
    <trim prefix="values (" suffix=")" suffixOverrides="," >
      <if test="id != null" >
        #{id,jdbcType=INTEGER},
      </if>
      <if test="eventid != null" >
        #{eventid,jdbcType=VARCHAR},
      </if>
      <if test="tradeid != null" >
        #{tradeid,jdbcType=VARCHAR},
      </if>
      <if test="seqno != null" >
        #{seqno,jdbcType=BIGINT},
      </if>
      <if test="eventtype != null" >
        #{eventtype,jdbcType=INTEGER},
      </if>
      <if test="makerid != null" >
        #{makerid,jdbcType=VARCHAR},
      </if>
      <if test="checkerid != null" >
        #{checkerid,jdbcType=VARCHAR},
      </if>
      <if test="isaccept != null" >
        #{isaccept,jdbcType=INTEGER},
      </if>
      <if test="checkstatus != null" >
        #{checkstatus,jdbcType=INTEGER},
      </if>
      <if test="comment != null" >
        #{comment,jdbcType=VARCHAR},
      </if>
      <if test="lastupdatetime != null" >
        #{lastupdatetime,jdbcType=TIMESTAMP},
      </if>
    </trim>
  </insert>
  <select id="countByExample" parameterType="com.modules.tradecheckrecords.model.TradecheckrecordsModelExample" resultType="java.lang.Integer" >
    select count(*) from tradecheckrecords
    <if test="_parameter != null" >
      <include refid="Example_Where_Clause" />
    </if>
  </select>
  <update id="updateByExampleSelective" parameterType="map" >
    update tradecheckrecords
    <set >
      <if test="record.id != null" >
        ID = #{record.id,jdbcType=INTEGER},
      </if>
      <if test="record.eventid != null" >
        EventID = #{record.eventid,jdbcType=VARCHAR},
      </if>
      <if test="record.tradeid != null" >
        TradeID = #{record.tradeid,jdbcType=VARCHAR},
      </if>
      <if test="record.seqno != null" >
        SeqNo = #{record.seqno,jdbcType=BIGINT},
      </if>
      <if test="record.eventtype != null" >
        EventType = #{record.eventtype,jdbcType=INTEGER},
      </if>
      <if test="record.makerid != null" >
        MakerID = #{record.makerid,jdbcType=VARCHAR},
      </if>
      <if test="record.checkerid != null" >
        CheckerID = #{record.checkerid,jdbcType=VARCHAR},
      </if>
      <if test="record.isaccept != null" >
        IsAccept = #{record.isaccept,jdbcType=INTEGER},
      </if>
      <if test="record.checkstatus != null" >
        CheckStatus = #{record.checkstatus,jdbcType=INTEGER},
      </if>
      <if test="record.comment != null" >
        Comment = #{record.comment,jdbcType=VARCHAR},
      </if>
      <if test="record.lastupdatetime != null" >
        lastUpdateTime = #{record.lastupdatetime,jdbcType=TIMESTAMP},
      </if>
    </set>
    <if test="_parameter != null" >
      <include refid="Update_By_Example_Where_Clause" />
    </if>
  </update>
  <update id="updateByExample" parameterType="map" >
    update tradecheckrecords
    set ID = #{record.id,jdbcType=INTEGER},
      EventID = #{record.eventid,jdbcType=VARCHAR},
      TradeID = #{record.tradeid,jdbcType=VARCHAR},
      SeqNo = #{record.seqno,jdbcType=BIGINT},
      EventType = #{record.eventtype,jdbcType=INTEGER},
      MakerID = #{record.makerid,jdbcType=VARCHAR},
      CheckerID = #{record.checkerid,jdbcType=VARCHAR},
      IsAccept = #{record.isaccept,jdbcType=INTEGER},
      CheckStatus = #{record.checkstatus,jdbcType=INTEGER},
      Comment = #{record.comment,jdbcType=VARCHAR},
      lastUpdateTime = #{record.lastupdatetime,jdbcType=TIMESTAMP}
    <if test="_parameter != null" >
      <include refid="Update_By_Example_Where_Clause" />
    </if>
  </update>
  <update id="updateByPrimaryKeySelective" parameterType="com.modules.tradecheckrecords.model.TradecheckrecordsModel" >
    update tradecheckrecords
    <set >
      <if test="eventid != null" >
        EventID = #{eventid,jdbcType=VARCHAR},
      </if>
      <if test="tradeid != null" >
        TradeID = #{tradeid,jdbcType=VARCHAR},
      </if>
      <if test="seqno != null" >
        SeqNo = #{seqno,jdbcType=BIGINT},
      </if>
      <if test="eventtype != null" >
        EventType = #{eventtype,jdbcType=INTEGER},
      </if>
      <if test="makerid != null" >
        MakerID = #{makerid,jdbcType=VARCHAR},
      </if>
      <if test="checkerid != null" >
        CheckerID = #{checkerid,jdbcType=VARCHAR},
      </if>
      <if test="isaccept != null" >
        IsAccept = #{isaccept,jdbcType=INTEGER},
      </if>
      <if test="checkstatus != null" >
        CheckStatus = #{checkstatus,jdbcType=INTEGER},
      </if>
      <if test="comment != null" >
        Comment = #{comment,jdbcType=VARCHAR},
      </if>
      <if test="lastupdatetime != null" >
        lastUpdateTime = #{lastupdatetime,jdbcType=TIMESTAMP},
      </if>
    </set>
    where ID = #{id,jdbcType=INTEGER}
  </update>
  <update id="updateByPrimaryKey" parameterType="com.modules.tradecheckrecords.model.TradecheckrecordsModel" >
    update tradecheckrecords
    set EventID = #{eventid,jdbcType=VARCHAR},
      TradeID = #{tradeid,jdbcType=VARCHAR},
      SeqNo = #{seqno,jdbcType=BIGINT},
      EventType = #{eventtype,jdbcType=INTEGER},
      MakerID = #{makerid,jdbcType=VARCHAR},
      CheckerID = #{checkerid,jdbcType=VARCHAR},
      IsAccept = #{isaccept,jdbcType=INTEGER},
      CheckStatus = #{checkstatus,jdbcType=INTEGER},
      Comment = #{comment,jdbcType=VARCHAR},
      lastUpdateTime = #{lastupdatetime,jdbcType=TIMESTAMP}
    where ID = #{id,jdbcType=INTEGER}
  </update>
</mapper>