<?xml version="1.0" encoding="UTF-8" ?>
<!DOCTYPE mapper PUBLIC "-//mybatis.org//DTD Mapper 3.0//EN" "http://mybatis.org/dtd/mybatis-3-mapper.dtd" >
<mapper namespace="com.modules.underlying.dao.UnderlyingModelMapper" >
  <resultMap id="BaseResultMap" type="com.modules.underlying.model.UnderlyingModel" >
    <id column="ID" property="id" jdbcType="INTEGER" />
    <result column="Underlying" property="underlying" jdbcType="VARCHAR" />
    <result column="Currency" property="currency" jdbcType="VARCHAR" />
    <result column="ExchangeCode" property="exchangecode" jdbcType="VARCHAR" />
    <result column="VarDown" property="vardown" jdbcType="DECIMAL" />
    <result column="VarUp" property="varup" jdbcType="DECIMAL" />
    <result column="LastUpdateUser" property="lastupdateuser" jdbcType="VARCHAR" />
    <result column="LastUpdateTime" property="lastupdatetime" jdbcType="TIMESTAMP" />
  </resultMap>
  <sql id="Example_Where_Clause" >
    <where >
      <foreach collection="oredCriteria" item="criteria" separator="or" >
        <if test="criteria.valid" >
          <trim prefix="(" suffix=")" prefixOverrides="and" >
            <foreach collection="criteria.criteria" item="criterion" >
              <choose >
                <when test="criterion.noValue" >
                  and ${criterion.condition}
                </when>
                <when test="criterion.singleValue" >
                  and ${criterion.condition} #{criterion.value}
                </when>
                <when test="criterion.betweenValue" >
                  and ${criterion.condition} #{criterion.value} and #{criterion.secondValue}
                </when>
                <when test="criterion.listValue" >
                  and ${criterion.condition}
                  <foreach collection="criterion.value" item="listItem" open="(" close=")" separator="," >
                    #{listItem}
                  </foreach>
                </when>
              </choose>
            </foreach>
          </trim>
        </if>
      </foreach>
    </where>
  </sql>
  <sql id="Update_By_Example_Where_Clause" >
    <where >
      <foreach collection="example.oredCriteria" item="criteria" separator="or" >
        <if test="criteria.valid" >
          <trim prefix="(" suffix=")" prefixOverrides="and" >
            <foreach collection="criteria.criteria" item="criterion" >
              <choose >
                <when test="criterion.noValue" >
                  and ${criterion.condition}
                </when>
                <when test="criterion.singleValue" >
                  and ${criterion.condition} #{criterion.value}
                </when>
                <when test="criterion.betweenValue" >
                  and ${criterion.condition} #{criterion.value} and #{criterion.secondValue}
                </when>
                <when test="criterion.listValue" >
                  and ${criterion.condition}
                  <foreach collection="criterion.value" item="listItem" open="(" close=")" separator="," >
                    #{listItem}
                  </foreach>
                </when>
              </choose>
            </foreach>
          </trim>
        </if>
      </foreach>
    </where>
  </sql>
  <sql id="Base_Column_List" >
    ID, Underlying, Currency, ExchangeCode, VarDown, VarUp, LastUpdateUser, LastUpdateTime
  </sql>
  <select id="selectByExample" resultMap="BaseResultMap" parameterType="com.modules.underlying.model.UnderlyingModelExample" >
    select
    <if test="distinct" >
      distinct
    </if>
    'false' as QUERYID,
    <include refid="Base_Column_List" />
    from underlying
    <if test="_parameter != null" >
      <include refid="Example_Where_Clause" />
    </if>
    <if test="orderByClause != null" >
      order by ${orderByClause}
    </if>
  </select>
  <select id="selectByPrimaryKey" resultMap="BaseResultMap" parameterType="java.lang.Integer" >
    select 
    <include refid="Base_Column_List" />
    from underlying
    where ID = #{id,jdbcType=INTEGER}
  </select>
  <delete id="deleteByPrimaryKey" parameterType="java.lang.Integer" >
    delete from underlying
    where ID = #{id,jdbcType=INTEGER}
  </delete>
  <delete id="deleteByExample" parameterType="com.modules.underlying.model.UnderlyingModelExample" >
    delete from underlying
    <if test="_parameter != null" >
      <include refid="Example_Where_Clause" />
    </if>
  </delete>
  <insert id="insert" parameterType="com.modules.underlying.model.UnderlyingModel" >
    insert into underlying (ID, Underlying, Currency, 
      ExchangeCode, VarDown, VarUp, 
      LastUpdateUser, LastUpdateTime)
    values (#{id,jdbcType=INTEGER}, #{underlying,jdbcType=VARCHAR}, #{currency,jdbcType=VARCHAR}, 
      #{exchangecode,jdbcType=VARCHAR}, #{vardown,jdbcType=DECIMAL}, #{varup,jdbcType=DECIMAL}, 
      #{lastupdateuser,jdbcType=VARCHAR}, #{lastupdatetime,jdbcType=TIMESTAMP})
  </insert>
  <insert id="insertSelective" parameterType="com.modules.underlying.model.UnderlyingModel" >
    insert into underlying
    <trim prefix="(" suffix=")" suffixOverrides="," >
      <if test="id != null" >
        ID,
      </if>
      <if test="underlying != null" >
        Underlying,
      </if>
      <if test="currency != null" >
        Currency,
      </if>
      <if test="exchangecode != null" >
        ExchangeCode,
      </if>
      <if test="vardown != null" >
        VarDown,
      </if>
      <if test="varup != null" >
        VarUp,
      </if>
      <if test="lastupdateuser != null" >
        LastUpdateUser,
      </if>
      <if test="lastupdatetime != null" >
        LastUpdateTime,
      </if>
    </trim>
    <trim prefix="values (" suffix=")" suffixOverrides="," >
      <if test="id != null" >
        #{id,jdbcType=INTEGER},
      </if>
      <if test="underlying != null" >
        #{underlying,jdbcType=VARCHAR},
      </if>
      <if test="currency != null" >
        #{currency,jdbcType=VARCHAR},
      </if>
      <if test="exchangecode != null" >
        #{exchangecode,jdbcType=VARCHAR},
      </if>
      <if test="vardown != null" >
        #{vardown,jdbcType=DECIMAL},
      </if>
      <if test="varup != null" >
        #{varup,jdbcType=DECIMAL},
      </if>
      <if test="lastupdateuser != null" >
        #{lastupdateuser,jdbcType=VARCHAR},
      </if>
      <if test="lastupdatetime != null" >
        #{lastupdatetime,jdbcType=TIMESTAMP},
      </if>
    </trim>
  </insert>
  <select id="countByExample" parameterType="com.modules.underlying.model.UnderlyingModelExample" resultType="java.lang.Integer" >
    select count(*) from underlying
    <if test="_parameter != null" >
      <include refid="Example_Where_Clause" />
    </if>
  </select>
  <update id="updateByExampleSelective" parameterType="map" >
    update underlying
    <set >
      <if test="record.id != null" >
        ID = #{record.id,jdbcType=INTEGER},
      </if>
      <if test="record.underlying != null" >
        Underlying = #{record.underlying,jdbcType=VARCHAR},
      </if>
      <if test="record.currency != null" >
        Currency = #{record.currency,jdbcType=VARCHAR},
      </if>
      <if test="record.exchangecode != null" >
        ExchangeCode = #{record.exchangecode,jdbcType=VARCHAR},
      </if>
      <if test="record.vardown != null" >
        VarDown = #{record.vardown,jdbcType=DECIMAL},
      </if>
      <if test="record.varup != null" >
        VarUp = #{record.varup,jdbcType=DECIMAL},
      </if>
      <if test="record.lastupdateuser != null" >
        LastUpdateUser = #{record.lastupdateuser,jdbcType=VARCHAR},
      </if>
      <if test="record.lastupdatetime != null" >
        LastUpdateTime = #{record.lastupdatetime,jdbcType=TIMESTAMP},
      </if>
    </set>
    <if test="_parameter != null" >
      <include refid="Update_By_Example_Where_Clause" />
    </if>
  </update>
  <update id="updateByExample" parameterType="map" >
    update underlying
    set ID = #{record.id,jdbcType=INTEGER},
      Underlying = #{record.underlying,jdbcType=VARCHAR},
      Currency = #{record.currency,jdbcType=VARCHAR},
      ExchangeCode = #{record.exchangecode,jdbcType=VARCHAR},
      VarDown = #{record.vardown,jdbcType=DECIMAL},
      VarUp = #{record.varup,jdbcType=DECIMAL},
      LastUpdateUser = #{record.lastupdateuser,jdbcType=VARCHAR},
      LastUpdateTime = #{record.lastupdatetime,jdbcType=TIMESTAMP}
    <if test="_parameter != null" >
      <include refid="Update_By_Example_Where_Clause" />
    </if>
  </update>
  <update id="updateByPrimaryKeySelective" parameterType="com.modules.underlying.model.UnderlyingModel" >
    update underlying
    <set >
      <if test="underlying != null" >
        Underlying = #{underlying,jdbcType=VARCHAR},
      </if>
      <if test="currency != null" >
        Currency = #{currency,jdbcType=VARCHAR},
      </if>
      <if test="exchangecode != null" >
        ExchangeCode = #{exchangecode,jdbcType=VARCHAR},
      </if>
      <if test="vardown != null" >
        VarDown = #{vardown,jdbcType=DECIMAL},
      </if>
      <if test="varup != null" >
        VarUp = #{varup,jdbcType=DECIMAL},
      </if>
      <if test="lastupdateuser != null" >
        LastUpdateUser = #{lastupdateuser,jdbcType=VARCHAR},
      </if>
      <if test="lastupdatetime != null" >
        LastUpdateTime = #{lastupdatetime,jdbcType=TIMESTAMP},
      </if>
    </set>
    where ID = #{id,jdbcType=INTEGER}
  </update>
  <update id="updateByPrimaryKey" parameterType="com.modules.underlying.model.UnderlyingModel" >
    update underlying
    set Underlying = #{underlying,jdbcType=VARCHAR},
      Currency = #{currency,jdbcType=VARCHAR},
      ExchangeCode = #{exchangecode,jdbcType=VARCHAR},
      VarDown = #{vardown,jdbcType=DECIMAL},
      VarUp = #{varup,jdbcType=DECIMAL},
      LastUpdateUser = #{lastupdateuser,jdbcType=VARCHAR},
      LastUpdateTime = #{lastupdatetime,jdbcType=TIMESTAMP}
    where ID = #{id,jdbcType=INTEGER}
  </update>
</mapper>