<?xml version="1.0" encoding="UTF-8" ?>
<!DOCTYPE mapper PUBLIC "-//mybatis.org//DTD Mapper 3.0//EN" "http://mybatis.org/dtd/mybatis-3-mapper.dtd" >
<mapper namespace="com.modules.tradingflowinfo.dao.TradingflowinfoModelMapper" >
  <resultMap id="BaseResultMap" type="com.modules.tradingflowinfo.model.TradingflowinfoModel" >
    <id column="ID" property="id" jdbcType="INTEGER" />
    <result column="TradeDate" property="tradedate" jdbcType="DATE" />
    <result column="TradeID" property="tradeid" jdbcType="VARCHAR" />
    <result column="TradingFlowNo" property="tradingflowno" jdbcType="VARCHAR" />
    <result column="Position" property="position" jdbcType="DECIMAL" />
    <result column="TradePrice" property="tradeprice" jdbcType="DECIMAL" />
    <result column="LastUpdateUser" property="lastupdateuser" jdbcType="VARCHAR" />
    <result column="LastUpdateTime" property="lastupdatetime" jdbcType="TIMESTAMP" />
  </resultMap>
  <sql id="Example_Where_Clause" >
    <where >
      <foreach collection="oredCriteria" item="criteria" separator="or" >
        <if test="criteria.valid" >
          <trim prefix="(" suffix=")" prefixOverrides="and" >
            <foreach collection="criteria.criteria" item="criterion" >
              <choose >
                <when test="criterion.noValue" >
                  and ${criterion.condition}
                </when>
                <when test="criterion.singleValue" >
                  and ${criterion.condition} #{criterion.value}
                </when>
                <when test="criterion.betweenValue" >
                  and ${criterion.condition} #{criterion.value} and #{criterion.secondValue}
                </when>
                <when test="criterion.listValue" >
                  and ${criterion.condition}
                  <foreach collection="criterion.value" item="listItem" open="(" close=")" separator="," >
                    #{listItem}
                  </foreach>
                </when>
              </choose>
            </foreach>
          </trim>
        </if>
      </foreach>
    </where>
  </sql>
  <sql id="Update_By_Example_Where_Clause" >
    <where >
      <foreach collection="example.oredCriteria" item="criteria" separator="or" >
        <if test="criteria.valid" >
          <trim prefix="(" suffix=")" prefixOverrides="and" >
            <foreach collection="criteria.criteria" item="criterion" >
              <choose >
                <when test="criterion.noValue" >
                  and ${criterion.condition}
                </when>
                <when test="criterion.singleValue" >
                  and ${criterion.condition} #{criterion.value}
                </when>
                <when test="criterion.betweenValue" >
                  and ${criterion.condition} #{criterion.value} and #{criterion.secondValue}
                </when>
                <when test="criterion.listValue" >
                  and ${criterion.condition}
                  <foreach collection="criterion.value" item="listItem" open="(" close=")" separator="," >
                    #{listItem}
                  </foreach>
                </when>
              </choose>
            </foreach>
          </trim>
        </if>
      </foreach>
    </where>
  </sql>
  <sql id="Base_Column_List" >
    ID, TradeDate, TradeID, TradingFlowNo, Position, TradePrice, LastUpdateUser, LastUpdateTime
  </sql>
  <select id="selectByExample" resultMap="BaseResultMap" parameterType="com.modules.tradingflowinfo.model.TradingflowinfoModelExample" >
    select
    <if test="distinct" >
      distinct
    </if>
    'false' as QUERYID,
    <include refid="Base_Column_List" />
    from tradingflowinfo
    <if test="_parameter != null" >
      <include refid="Example_Where_Clause" />
    </if>
    <if test="orderByClause != null" >
      order by ${orderByClause}
    </if>
  </select>
  <select id="selectByPrimaryKey" resultMap="BaseResultMap" parameterType="java.lang.Integer" >
    select 
    <include refid="Base_Column_List" />
    from tradingflowinfo
    where ID = #{id,jdbcType=INTEGER}
  </select>
  <delete id="deleteByPrimaryKey" parameterType="java.lang.Integer" >
    delete from tradingflowinfo
    where ID = #{id,jdbcType=INTEGER}
  </delete>
  <delete id="deleteByExample" parameterType="com.modules.tradingflowinfo.model.TradingflowinfoModelExample" >
    delete from tradingflowinfo
    <if test="_parameter != null" >
      <include refid="Example_Where_Clause" />
    </if>
  </delete>
  <insert id="insert" parameterType="com.modules.tradingflowinfo.model.TradingflowinfoModel" >
    insert into tradingflowinfo (ID, TradeDate, TradeID, 
      TradingFlowNo, Position, TradePrice, 
      LastUpdateUser, LastUpdateTime)
    values (#{id,jdbcType=INTEGER}, #{tradedate,jdbcType=DATE}, #{tradeid,jdbcType=VARCHAR}, 
      #{tradingflowno,jdbcType=VARCHAR}, #{position,jdbcType=DECIMAL}, #{tradeprice,jdbcType=DECIMAL}, 
      #{lastupdateuser,jdbcType=VARCHAR}, #{lastupdatetime,jdbcType=TIMESTAMP})
  </insert>
  <insert id="insertSelective" parameterType="com.modules.tradingflowinfo.model.TradingflowinfoModel" >
    insert into tradingflowinfo
    <trim prefix="(" suffix=")" suffixOverrides="," >
      <if test="id != null" >
        ID,
      </if>
      <if test="tradedate != null" >
        TradeDate,
      </if>
      <if test="tradeid != null" >
        TradeID,
      </if>
      <if test="tradingflowno != null" >
        TradingFlowNo,
      </if>
      <if test="position != null" >
        Position,
      </if>
      <if test="tradeprice != null" >
        TradePrice,
      </if>
      <if test="lastupdateuser != null" >
        LastUpdateUser,
      </if>
      <if test="lastupdatetime != null" >
        LastUpdateTime,
      </if>
    </trim>
    <trim prefix="values (" suffix=")" suffixOverrides="," >
      <if test="id != null" >
        #{id,jdbcType=INTEGER},
      </if>
      <if test="tradedate != null" >
        #{tradedate,jdbcType=DATE},
      </if>
      <if test="tradeid != null" >
        #{tradeid,jdbcType=VARCHAR},
      </if>
      <if test="tradingflowno != null" >
        #{tradingflowno,jdbcType=VARCHAR},
      </if>
      <if test="position != null" >
        #{position,jdbcType=DECIMAL},
      </if>
      <if test="tradeprice != null" >
        #{tradeprice,jdbcType=DECIMAL},
      </if>
      <if test="lastupdateuser != null" >
        #{lastupdateuser,jdbcType=VARCHAR},
      </if>
      <if test="lastupdatetime != null" >
        #{lastupdatetime,jdbcType=TIMESTAMP},
      </if>
    </trim>
  </insert>
  <select id="countByExample" parameterType="com.modules.tradingflowinfo.model.TradingflowinfoModelExample" resultType="java.lang.Integer" >
    select count(*) from tradingflowinfo
    <if test="_parameter != null" >
      <include refid="Example_Where_Clause" />
    </if>
  </select>
  <update id="updateByExampleSelective" parameterType="map" >
    update tradingflowinfo
    <set >
      <if test="record.id != null" >
        ID = #{record.id,jdbcType=INTEGER},
      </if>
      <if test="record.tradedate != null" >
        TradeDate = #{record.tradedate,jdbcType=DATE},
      </if>
      <if test="record.tradeid != null" >
        TradeID = #{record.tradeid,jdbcType=VARCHAR},
      </if>
      <if test="record.tradingflowno != null" >
        TradingFlowNo = #{record.tradingflowno,jdbcType=VARCHAR},
      </if>
      <if test="record.position != null" >
        Position = #{record.position,jdbcType=DECIMAL},
      </if>
      <if test="record.tradeprice != null" >
        TradePrice = #{record.tradeprice,jdbcType=DECIMAL},
      </if>
      <if test="record.lastupdateuser != null" >
        LastUpdateUser = #{record.lastupdateuser,jdbcType=VARCHAR},
      </if>
      <if test="record.lastupdatetime != null" >
        LastUpdateTime = #{record.lastupdatetime,jdbcType=TIMESTAMP},
      </if>
    </set>
    <if test="_parameter != null" >
      <include refid="Update_By_Example_Where_Clause" />
    </if>
  </update>
  <update id="updateByExample" parameterType="map" >
    update tradingflowinfo
    set ID = #{record.id,jdbcType=INTEGER},
      TradeDate = #{record.tradedate,jdbcType=DATE},
      TradeID = #{record.tradeid,jdbcType=VARCHAR},
      TradingFlowNo = #{record.tradingflowno,jdbcType=VARCHAR},
      Position = #{record.position,jdbcType=DECIMAL},
      TradePrice = #{record.tradeprice,jdbcType=DECIMAL},
      LastUpdateUser = #{record.lastupdateuser,jdbcType=VARCHAR},
      LastUpdateTime = #{record.lastupdatetime,jdbcType=TIMESTAMP}
    <if test="_parameter != null" >
      <include refid="Update_By_Example_Where_Clause" />
    </if>
  </update>
  <update id="updateByPrimaryKeySelective" parameterType="com.modules.tradingflowinfo.model.TradingflowinfoModel" >
    update tradingflowinfo
    <set >
      <if test="tradedate != null" >
        TradeDate = #{tradedate,jdbcType=DATE},
      </if>
      <if test="tradeid != null" >
        TradeID = #{tradeid,jdbcType=VARCHAR},
      </if>
      <if test="tradingflowno != null" >
        TradingFlowNo = #{tradingflowno,jdbcType=VARCHAR},
      </if>
      <if test="position != null" >
        Position = #{position,jdbcType=DECIMAL},
      </if>
      <if test="tradeprice != null" >
        TradePrice = #{tradeprice,jdbcType=DECIMAL},
      </if>
      <if test="lastupdateuser != null" >
        LastUpdateUser = #{lastupdateuser,jdbcType=VARCHAR},
      </if>
      <if test="lastupdatetime != null" >
        LastUpdateTime = #{lastupdatetime,jdbcType=TIMESTAMP},
      </if>
    </set>
    where ID = #{id,jdbcType=INTEGER}
  </update>
  <update id="updateByPrimaryKey" parameterType="com.modules.tradingflowinfo.model.TradingflowinfoModel" >
    update tradingflowinfo
    set TradeDate = #{tradedate,jdbcType=DATE},
      TradeID = #{tradeid,jdbcType=VARCHAR},
      TradingFlowNo = #{tradingflowno,jdbcType=VARCHAR},
      Position = #{position,jdbcType=DECIMAL},
      TradePrice = #{tradeprice,jdbcType=DECIMAL},
      LastUpdateUser = #{lastupdateuser,jdbcType=VARCHAR},
      LastUpdateTime = #{lastupdatetime,jdbcType=TIMESTAMP}
    where ID = #{id,jdbcType=INTEGER}
  </update>
</mapper>