<?xml version="1.0" encoding="UTF-8" ?>
<!DOCTYPE mapper PUBLIC "-//mybatis.org//DTD Mapper 3.0//EN" "http://mybatis.org/dtd/mybatis-3-mapper.dtd" >
<mapper namespace="com.modules.bookingbasicinfo.dao.BookingbasicinfoModelMapper" >
  <resultMap id="BaseResultMap" type="com.modules.bookingbasicinfo.model.BookingbasicinfoModel" >
    <id column="ID" property="id" jdbcType="INTEGER" />
    <result column="TradeID" property="tradeid" jdbcType="VARCHAR" />
    <result column="SubBook" property="subbook" jdbcType="VARCHAR" />
    <result column="Strategy" property="strategy" jdbcType="VARCHAR" />
    <result column="TemplateType" property="templatetype" jdbcType="VARCHAR" />
    <result column="PerformanceType" property="performancetype" jdbcType="INTEGER" />
    <result column="Position" property="position" jdbcType="DECIMAL" />
    <result column="TradePrice" property="tradeprice" jdbcType="DECIMAL" />
    <result column="TradeCcy" property="tradeccy" jdbcType="VARCHAR" />
    <result column="SettleCcy" property="settleccy" jdbcType="VARCHAR" />
    <result column="TradeDate" property="tradedate" jdbcType="DATE" />
    <result column="StrikeDate" property="strikedate" jdbcType="TIMESTAMP" />
    <result column="SettlementDate" property="settlementdate" jdbcType="DATE" />
    <result column="ExpiryDate" property="expirydate" jdbcType="DATE" />
    <result column="SettlementType" property="settlementtype" jdbcType="VARCHAR" />
    <result column="BizConv" property="bizconv" jdbcType="INTEGER" />
    <result column="DaycountConv" property="daycountconv" jdbcType="VARCHAR" />
    <result column="CounterpartyID" property="counterpartyid" jdbcType="VARCHAR" />
    <result column="SalesID" property="salesid" jdbcType="VARCHAR" />
    <result column="Edge" property="edge" jdbcType="DECIMAL" />
    <result column="FixingRecord" property="fixingrecord" jdbcType="BIT" />
    <result column="QuantoFlag" property="quantoflag" jdbcType="INTEGER" />
    <result column="InitialMargin" property="initialmargin" jdbcType="DECIMAL" />
    <result column="MarginWarningLevel" property="marginwarninglevel" jdbcType="DECIMAL" />
    <result column="MarginCallLevel" property="margincalllevel" jdbcType="DECIMAL" />
    <result column="DivAdjust" property="divadjust" jdbcType="BIT" />
    <result column="LiquidationLevel" property="liquidationlevel" jdbcType="DECIMAL" />
    <result column="MarginNet" property="marginnet" jdbcType="BIT" />
    <result column="JsonFilePath" property="jsonfilepath" jdbcType="VARCHAR" />
    <result column="FXFixing" property="fxfixing" jdbcType="VARCHAR" />
    <result column="LastUpdateUser" property="lastupdateuser" jdbcType="VARCHAR" />
    <result column="LastUpdateTime" property="lastupdatetime" jdbcType="TIMESTAMP" />
    <result column="UndlRounding" property="undlrounding" jdbcType="INTEGER" />
    <result column="PayoffRounding" property="payoffrounding" jdbcType="INTEGER" />
    <result column="ReportingNotional" property="reportingnotional" jdbcType="DECIMAL" />
    <result column="CheckStatus" property="checkstatus" jdbcType="INTEGER" />
    <result column="Comment" property="comment" jdbcType="VARCHAR" />
    <result column="CheckerId" property="checkerid" jdbcType="VARCHAR" />
    <result column="CheckTime" property="checktime" jdbcType="TIMESTAMP" />
  </resultMap>
  <resultMap id="ResultMapWithBLOBs" type="com.modules.bookingbasicinfo.model.BookingbasicinfoModel" extends="BaseResultMap" >
    <result column="OverrideObsDate" property="overrideobsdate" jdbcType="LONGVARCHAR" />
  </resultMap>
  <sql id="Example_Where_Clause" >
    <where >
      <foreach collection="oredCriteria" item="criteria" separator="or" >
        <if test="criteria.valid" >
          <trim prefix="(" suffix=")" prefixOverrides="and" >
            <foreach collection="criteria.criteria" item="criterion" >
              <choose >
                <when test="criterion.noValue" >
                  and ${criterion.condition}
                </when>
                <when test="criterion.singleValue" >
                  and ${criterion.condition} #{criterion.value}
                </when>
                <when test="criterion.betweenValue" >
                  and ${criterion.condition} #{criterion.value} and #{criterion.secondValue}
                </when>
                <when test="criterion.listValue" >
                  and ${criterion.condition}
                  <foreach collection="criterion.value" item="listItem" open="(" close=")" separator="," >
                    #{listItem}
                  </foreach>
                </when>
              </choose>
            </foreach>
          </trim>
        </if>
      </foreach>
    </where>
  </sql>
  <sql id="Update_By_Example_Where_Clause" >
    <where >
      <foreach collection="example.oredCriteria" item="criteria" separator="or" >
        <if test="criteria.valid" >
          <trim prefix="(" suffix=")" prefixOverrides="and" >
            <foreach collection="criteria.criteria" item="criterion" >
              <choose >
                <when test="criterion.noValue" >
                  and ${criterion.condition}
                </when>
                <when test="criterion.singleValue" >
                  and ${criterion.condition} #{criterion.value}
                </when>
                <when test="criterion.betweenValue" >
                  and ${criterion.condition} #{criterion.value} and #{criterion.secondValue}
                </when>
                <when test="criterion.listValue" >
                  and ${criterion.condition}
                  <foreach collection="criterion.value" item="listItem" open="(" close=")" separator="," >
                    #{listItem}
                  </foreach>
                </when>
              </choose>
            </foreach>
          </trim>
        </if>
      </foreach>
    </where>
  </sql>
  <sql id="Base_Column_List" >
    ID, TradeID, SubBook, Strategy, TemplateType, PerformanceType, Position, TradePrice, 
    TradeCcy, SettleCcy, TradeDate, StrikeDate, SettlementDate, ExpiryDate, SettlementType, 
    BizConv, DaycountConv, CounterpartyID, SalesID, Edge, FixingRecord, QuantoFlag, InitialMargin, 
    MarginWarningLevel, MarginCallLevel, DivAdjust, LiquidationLevel, MarginNet, JsonFilePath, 
    FXFixing, LastUpdateUser, LastUpdateTime, UndlRounding, PayoffRounding, ReportingNotional, 
    CheckStatus, Comment, CheckerId, CheckTime
  </sql>
  <sql id="Blob_Column_List" >
    OverrideObsDate
  </sql>
  <select id="selectByExampleWithBLOBs" resultMap="ResultMapWithBLOBs" parameterType="com.modules.bookingbasicinfo.model.BookingbasicinfoModelExample" >
    select
    <if test="distinct" >
      distinct
    </if>
    'false' as QUERYID,
    <include refid="Base_Column_List" />
    ,
    <include refid="Blob_Column_List" />
    from bookingbasicinfo
    <if test="_parameter != null" >
      <include refid="Example_Where_Clause" />
    </if>
    <if test="orderByClause != null" >
      order by ${orderByClause}
    </if>
  </select>
  <select id="selectByExample" resultMap="BaseResultMap" parameterType="com.modules.bookingbasicinfo.model.BookingbasicinfoModelExample" >
    select
    <if test="distinct" >
      distinct
    </if>
    'false' as QUERYID,
    <include refid="Base_Column_List" />
    from bookingbasicinfo
    <if test="_parameter != null" >
      <include refid="Example_Where_Clause" />
    </if>
    <if test="orderByClause != null" >
      order by ${orderByClause}
    </if>
  </select>
  <select id="selectByPrimaryKey" resultMap="ResultMapWithBLOBs" parameterType="java.lang.Integer" >
    select 
    <include refid="Base_Column_List" />
    ,
    <include refid="Blob_Column_List" />
    from bookingbasicinfo
    where ID = #{id,jdbcType=INTEGER}
  </select>
  <delete id="deleteByPrimaryKey" parameterType="java.lang.Integer" >
    delete from bookingbasicinfo
    where ID = #{id,jdbcType=INTEGER}
  </delete>
  <delete id="deleteByExample" parameterType="com.modules.bookingbasicinfo.model.BookingbasicinfoModelExample" >
    delete from bookingbasicinfo
    <if test="_parameter != null" >
      <include refid="Example_Where_Clause" />
    </if>
  </delete>
  <insert id="insert" parameterType="com.modules.bookingbasicinfo.model.BookingbasicinfoModel" >
    insert into bookingbasicinfo (ID, TradeID, SubBook, 
      Strategy, TemplateType, PerformanceType, 
      Position, TradePrice, TradeCcy, 
      SettleCcy, TradeDate, StrikeDate, 
      SettlementDate, ExpiryDate, SettlementType, 
      BizConv, DaycountConv, CounterpartyID, 
      SalesID, Edge, FixingRecord, 
      QuantoFlag, InitialMargin, MarginWarningLevel, 
      MarginCallLevel, DivAdjust, LiquidationLevel, 
      MarginNet, JsonFilePath, FXFixing, 
      LastUpdateUser, LastUpdateTime, UndlRounding, 
      PayoffRounding, ReportingNotional, CheckStatus, 
      Comment, CheckerId, CheckTime, 
      OverrideObsDate)
    values (#{id,jdbcType=INTEGER}, #{tradeid,jdbcType=VARCHAR}, #{subbook,jdbcType=VARCHAR}, 
      #{strategy,jdbcType=VARCHAR}, #{templatetype,jdbcType=VARCHAR}, #{performancetype,jdbcType=INTEGER}, 
      #{position,jdbcType=DECIMAL}, #{tradeprice,jdbcType=DECIMAL}, #{tradeccy,jdbcType=VARCHAR}, 
      #{settleccy,jdbcType=VARCHAR}, #{tradedate,jdbcType=DATE}, #{strikedate,jdbcType=TIMESTAMP}, 
      #{settlementdate,jdbcType=DATE}, #{expirydate,jdbcType=DATE}, #{settlementtype,jdbcType=VARCHAR}, 
      #{bizconv,jdbcType=INTEGER}, #{daycountconv,jdbcType=VARCHAR}, #{counterpartyid,jdbcType=VARCHAR}, 
      #{salesid,jdbcType=VARCHAR}, #{edge,jdbcType=DECIMAL}, #{fixingrecord,jdbcType=BIT}, 
      #{quantoflag,jdbcType=INTEGER}, #{initialmargin,jdbcType=DECIMAL}, #{marginwarninglevel,jdbcType=DECIMAL}, 
      #{margincalllevel,jdbcType=DECIMAL}, #{divadjust,jdbcType=BIT}, #{liquidationlevel,jdbcType=DECIMAL}, 
      #{marginnet,jdbcType=BIT}, #{jsonfilepath,jdbcType=VARCHAR}, #{fxfixing,jdbcType=VARCHAR}, 
      #{lastupdateuser,jdbcType=VARCHAR}, #{lastupdatetime,jdbcType=TIMESTAMP}, #{undlrounding,jdbcType=INTEGER}, 
      #{payoffrounding,jdbcType=INTEGER}, #{reportingnotional,jdbcType=DECIMAL}, #{checkstatus,jdbcType=INTEGER}, 
      #{comment,jdbcType=VARCHAR}, #{checkerid,jdbcType=VARCHAR}, #{checktime,jdbcType=TIMESTAMP}, 
      #{overrideobsdate,jdbcType=LONGVARCHAR})
  </insert>
  <insert id="insertSelective" parameterType="com.modules.bookingbasicinfo.model.BookingbasicinfoModel" >
    insert into bookingbasicinfo
    <trim prefix="(" suffix=")" suffixOverrides="," >
      <if test="id != null" >
        ID,
      </if>
      <if test="tradeid != null" >
        TradeID,
      </if>
      <if test="subbook != null" >
        SubBook,
      </if>
      <if test="strategy != null" >
        Strategy,
      </if>
      <if test="templatetype != null" >
        TemplateType,
      </if>
      <if test="performancetype != null" >
        PerformanceType,
      </if>
      <if test="position != null" >
        Position,
      </if>
      <if test="tradeprice != null" >
        TradePrice,
      </if>
      <if test="tradeccy != null" >
        TradeCcy,
      </if>
      <if test="settleccy != null" >
        SettleCcy,
      </if>
      <if test="tradedate != null" >
        TradeDate,
      </if>
      <if test="strikedate != null" >
        StrikeDate,
      </if>
      <if test="settlementdate != null" >
        SettlementDate,
      </if>
      <if test="expirydate != null" >
        ExpiryDate,
      </if>
      <if test="settlementtype != null" >
        SettlementType,
      </if>
      <if test="bizconv != null" >
        BizConv,
      </if>
      <if test="daycountconv != null" >
        DaycountConv,
      </if>
      <if test="counterpartyid != null" >
        CounterpartyID,
      </if>
      <if test="salesid != null" >
        SalesID,
      </if>
      <if test="edge != null" >
        Edge,
      </if>
      <if test="fixingrecord != null" >
        FixingRecord,
      </if>
      <if test="quantoflag != null" >
        QuantoFlag,
      </if>
      <if test="initialmargin != null" >
        InitialMargin,
      </if>
      <if test="marginwarninglevel != null" >
        MarginWarningLevel,
      </if>
      <if test="margincalllevel != null" >
        MarginCallLevel,
      </if>
      <if test="divadjust != null" >
        DivAdjust,
      </if>
      <if test="liquidationlevel != null" >
        LiquidationLevel,
      </if>
      <if test="marginnet != null" >
        MarginNet,
      </if>
      <if test="jsonfilepath != null" >
        JsonFilePath,
      </if>
      <if test="fxfixing != null" >
        FXFixing,
      </if>
      <if test="lastupdateuser != null" >
        LastUpdateUser,
      </if>
      <if test="lastupdatetime != null" >
        LastUpdateTime,
      </if>
      <if test="undlrounding != null" >
        UndlRounding,
      </if>
      <if test="payoffrounding != null" >
        PayoffRounding,
      </if>
      <if test="reportingnotional != null" >
        ReportingNotional,
      </if>
      <if test="checkstatus != null" >
        CheckStatus,
      </if>
      <if test="comment != null" >
        Comment,
      </if>
      <if test="checkerid != null" >
        CheckerId,
      </if>
      <if test="checktime != null" >
        CheckTime,
      </if>
      <if test="overrideobsdate != null" >
        OverrideObsDate,
      </if>
    </trim>
    <trim prefix="values (" suffix=")" suffixOverrides="," >
      <if test="id != null" >
        #{id,jdbcType=INTEGER},
      </if>
      <if test="tradeid != null" >
        #{tradeid,jdbcType=VARCHAR},
      </if>
      <if test="subbook != null" >
        #{subbook,jdbcType=VARCHAR},
      </if>
      <if test="strategy != null" >
        #{strategy,jdbcType=VARCHAR},
      </if>
      <if test="templatetype != null" >
        #{templatetype,jdbcType=VARCHAR},
      </if>
      <if test="performancetype != null" >
        #{performancetype,jdbcType=INTEGER},
      </if>
      <if test="position != null" >
        #{position,jdbcType=DECIMAL},
      </if>
      <if test="tradeprice != null" >
        #{tradeprice,jdbcType=DECIMAL},
      </if>
      <if test="tradeccy != null" >
        #{tradeccy,jdbcType=VARCHAR},
      </if>
      <if test="settleccy != null" >
        #{settleccy,jdbcType=VARCHAR},
      </if>
      <if test="tradedate != null" >
        #{tradedate,jdbcType=DATE},
      </if>
      <if test="strikedate != null" >
        #{strikedate,jdbcType=TIMESTAMP},
      </if>
      <if test="settlementdate != null" >
        #{settlementdate,jdbcType=DATE},
      </if>
      <if test="expirydate != null" >
        #{expirydate,jdbcType=DATE},
      </if>
      <if test="settlementtype != null" >
        #{settlementtype,jdbcType=VARCHAR},
      </if>
      <if test="bizconv != null" >
        #{bizconv,jdbcType=INTEGER},
      </if>
      <if test="daycountconv != null" >
        #{daycountconv,jdbcType=VARCHAR},
      </if>
      <if test="counterpartyid != null" >
        #{counterpartyid,jdbcType=VARCHAR},
      </if>
      <if test="salesid != null" >
        #{salesid,jdbcType=VARCHAR},
      </if>
      <if test="edge != null" >
        #{edge,jdbcType=DECIMAL},
      </if>
      <if test="fixingrecord != null" >
        #{fixingrecord,jdbcType=BIT},
      </if>
      <if test="quantoflag != null" >
        #{quantoflag,jdbcType=INTEGER},
      </if>
      <if test="initialmargin != null" >
        #{initialmargin,jdbcType=DECIMAL},
      </if>
      <if test="marginwarninglevel != null" >
        #{marginwarninglevel,jdbcType=DECIMAL},
      </if>
      <if test="margincalllevel != null" >
        #{margincalllevel,jdbcType=DECIMAL},
      </if>
      <if test="divadjust != null" >
        #{divadjust,jdbcType=BIT},
      </if>
      <if test="liquidationlevel != null" >
        #{liquidationlevel,jdbcType=DECIMAL},
      </if>
      <if test="marginnet != null" >
        #{marginnet,jdbcType=BIT},
      </if>
      <if test="jsonfilepath != null" >
        #{jsonfilepath,jdbcType=VARCHAR},
      </if>
      <if test="fxfixing != null" >
        #{fxfixing,jdbcType=VARCHAR},
      </if>
      <if test="lastupdateuser != null" >
        #{lastupdateuser,jdbcType=VARCHAR},
      </if>
      <if test="lastupdatetime != null" >
        #{lastupdatetime,jdbcType=TIMESTAMP},
      </if>
      <if test="undlrounding != null" >
        #{undlrounding,jdbcType=INTEGER},
      </if>
      <if test="payoffrounding != null" >
        #{payoffrounding,jdbcType=INTEGER},
      </if>
      <if test="reportingnotional != null" >
        #{reportingnotional,jdbcType=DECIMAL},
      </if>
      <if test="checkstatus != null" >
        #{checkstatus,jdbcType=INTEGER},
      </if>
      <if test="comment != null" >
        #{comment,jdbcType=VARCHAR},
      </if>
      <if test="checkerid != null" >
        #{checkerid,jdbcType=VARCHAR},
      </if>
      <if test="checktime != null" >
        #{checktime,jdbcType=TIMESTAMP},
      </if>
      <if test="overrideobsdate != null" >
        #{overrideobsdate,jdbcType=LONGVARCHAR},
      </if>
    </trim>
  </insert>
  <select id="countByExample" parameterType="com.modules.bookingbasicinfo.model.BookingbasicinfoModelExample" resultType="java.lang.Integer" >
    select count(*) from bookingbasicinfo
    <if test="_parameter != null" >
      <include refid="Example_Where_Clause" />
    </if>
  </select>
  <update id="updateByExampleSelective" parameterType="map" >
    update bookingbasicinfo
    <set >
      <if test="record.id != null" >
        ID = #{record.id,jdbcType=INTEGER},
      </if>
      <if test="record.tradeid != null" >
        TradeID = #{record.tradeid,jdbcType=VARCHAR},
      </if>
      <if test="record.subbook != null" >
        SubBook = #{record.subbook,jdbcType=VARCHAR},
      </if>
      <if test="record.strategy != null" >
        Strategy = #{record.strategy,jdbcType=VARCHAR},
      </if>
      <if test="record.templatetype != null" >
        TemplateType = #{record.templatetype,jdbcType=VARCHAR},
      </if>
      <if test="record.performancetype != null" >
        PerformanceType = #{record.performancetype,jdbcType=INTEGER},
      </if>
      <if test="record.position != null" >
        Position = #{record.position,jdbcType=DECIMAL},
      </if>
      <if test="record.tradeprice != null" >
        TradePrice = #{record.tradeprice,jdbcType=DECIMAL},
      </if>
      <if test="record.tradeccy != null" >
        TradeCcy = #{record.tradeccy,jdbcType=VARCHAR},
      </if>
      <if test="record.settleccy != null" >
        SettleCcy = #{record.settleccy,jdbcType=VARCHAR},
      </if>
      <if test="record.tradedate != null" >
        TradeDate = #{record.tradedate,jdbcType=DATE},
      </if>
      <if test="record.strikedate != null" >
        StrikeDate = #{record.strikedate,jdbcType=TIMESTAMP},
      </if>
      <if test="record.settlementdate != null" >
        SettlementDate = #{record.settlementdate,jdbcType=DATE},
      </if>
      <if test="record.expirydate != null" >
        ExpiryDate = #{record.expirydate,jdbcType=DATE},
      </if>
      <if test="record.settlementtype != null" >
        SettlementType = #{record.settlementtype,jdbcType=VARCHAR},
      </if>
      <if test="record.bizconv != null" >
        BizConv = #{record.bizconv,jdbcType=INTEGER},
      </if>
      <if test="record.daycountconv != null" >
        DaycountConv = #{record.daycountconv,jdbcType=VARCHAR},
      </if>
      <if test="record.counterpartyid != null" >
        CounterpartyID = #{record.counterpartyid,jdbcType=VARCHAR},
      </if>
      <if test="record.salesid != null" >
        SalesID = #{record.salesid,jdbcType=VARCHAR},
      </if>
      <if test="record.edge != null" >
        Edge = #{record.edge,jdbcType=DECIMAL},
      </if>
      <if test="record.fixingrecord != null" >
        FixingRecord = #{record.fixingrecord,jdbcType=BIT},
      </if>
      <if test="record.quantoflag != null" >
        QuantoFlag = #{record.quantoflag,jdbcType=INTEGER},
      </if>
      <if test="record.initialmargin != null" >
        InitialMargin = #{record.initialmargin,jdbcType=DECIMAL},
      </if>
      <if test="record.marginwarninglevel != null" >
        MarginWarningLevel = #{record.marginwarninglevel,jdbcType=DECIMAL},
      </if>
      <if test="record.margincalllevel != null" >
        MarginCallLevel = #{record.margincalllevel,jdbcType=DECIMAL},
      </if>
      <if test="record.divadjust != null" >
        DivAdjust = #{record.divadjust,jdbcType=BIT},
      </if>
      <if test="record.liquidationlevel != null" >
        LiquidationLevel = #{record.liquidationlevel,jdbcType=DECIMAL},
      </if>
      <if test="record.marginnet != null" >
        MarginNet = #{record.marginnet,jdbcType=BIT},
      </if>
      <if test="record.jsonfilepath != null" >
        JsonFilePath = #{record.jsonfilepath,jdbcType=VARCHAR},
      </if>
      <if test="record.fxfixing != null" >
        FXFixing = #{record.fxfixing,jdbcType=VARCHAR},
      </if>
      <if test="record.lastupdateuser != null" >
        LastUpdateUser = #{record.lastupdateuser,jdbcType=VARCHAR},
      </if>
      <if test="record.lastupdatetime != null" >
        LastUpdateTime = #{record.lastupdatetime,jdbcType=TIMESTAMP},
      </if>
      <if test="record.undlrounding != null" >
        UndlRounding = #{record.undlrounding,jdbcType=INTEGER},
      </if>
      <if test="record.payoffrounding != null" >
        PayoffRounding = #{record.payoffrounding,jdbcType=INTEGER},
      </if>
      <if test="record.reportingnotional != null" >
        ReportingNotional = #{record.reportingnotional,jdbcType=DECIMAL},
      </if>
      <if test="record.checkstatus != null" >
        CheckStatus = #{record.checkstatus,jdbcType=INTEGER},
      </if>
      <if test="record.comment != null" >
        Comment = #{record.comment,jdbcType=VARCHAR},
      </if>
      <if test="record.checkerid != null" >
        CheckerId = #{record.checkerid,jdbcType=VARCHAR},
      </if>
      <if test="record.checktime != null" >
        CheckTime = #{record.checktime,jdbcType=TIMESTAMP},
      </if>
      <if test="record.overrideobsdate != null" >
        OverrideObsDate = #{record.overrideobsdate,jdbcType=LONGVARCHAR},
      </if>
    </set>
    <if test="_parameter != null" >
      <include refid="Update_By_Example_Where_Clause" />
    </if>
  </update>
  <update id="updateByExampleWithBLOBs" parameterType="map" >
    update bookingbasicinfo
    set ID = #{record.id,jdbcType=INTEGER},
      TradeID = #{record.tradeid,jdbcType=VARCHAR},
      SubBook = #{record.subbook,jdbcType=VARCHAR},
      Strategy = #{record.strategy,jdbcType=VARCHAR},
      TemplateType = #{record.templatetype,jdbcType=VARCHAR},
      PerformanceType = #{record.performancetype,jdbcType=INTEGER},
      Position = #{record.position,jdbcType=DECIMAL},
      TradePrice = #{record.tradeprice,jdbcType=DECIMAL},
      TradeCcy = #{record.tradeccy,jdbcType=VARCHAR},
      SettleCcy = #{record.settleccy,jdbcType=VARCHAR},
      TradeDate = #{record.tradedate,jdbcType=DATE},
      StrikeDate = #{record.strikedate,jdbcType=TIMESTAMP},
      SettlementDate = #{record.settlementdate,jdbcType=DATE},
      ExpiryDate = #{record.expirydate,jdbcType=DATE},
      SettlementType = #{record.settlementtype,jdbcType=VARCHAR},
      BizConv = #{record.bizconv,jdbcType=INTEGER},
      DaycountConv = #{record.daycountconv,jdbcType=VARCHAR},
      CounterpartyID = #{record.counterpartyid,jdbcType=VARCHAR},
      SalesID = #{record.salesid,jdbcType=VARCHAR},
      Edge = #{record.edge,jdbcType=DECIMAL},
      FixingRecord = #{record.fixingrecord,jdbcType=BIT},
      QuantoFlag = #{record.quantoflag,jdbcType=INTEGER},
      InitialMargin = #{record.initialmargin,jdbcType=DECIMAL},
      MarginWarningLevel = #{record.marginwarninglevel,jdbcType=DECIMAL},
      MarginCallLevel = #{record.margincalllevel,jdbcType=DECIMAL},
      DivAdjust = #{record.divadjust,jdbcType=BIT},
      LiquidationLevel = #{record.liquidationlevel,jdbcType=DECIMAL},
      MarginNet = #{record.marginnet,jdbcType=BIT},
      JsonFilePath = #{record.jsonfilepath,jdbcType=VARCHAR},
      FXFixing = #{record.fxfixing,jdbcType=VARCHAR},
      LastUpdateUser = #{record.lastupdateuser,jdbcType=VARCHAR},
      LastUpdateTime = #{record.lastupdatetime,jdbcType=TIMESTAMP},
      UndlRounding = #{record.undlrounding,jdbcType=INTEGER},
      PayoffRounding = #{record.payoffrounding,jdbcType=INTEGER},
      ReportingNotional = #{record.reportingnotional,jdbcType=DECIMAL},
      CheckStatus = #{record.checkstatus,jdbcType=INTEGER},
      Comment = #{record.comment,jdbcType=VARCHAR},
      CheckerId = #{record.checkerid,jdbcType=VARCHAR},
      CheckTime = #{record.checktime,jdbcType=TIMESTAMP},
      OverrideObsDate = #{record.overrideobsdate,jdbcType=LONGVARCHAR}
    <if test="_parameter != null" >
      <include refid="Update_By_Example_Where_Clause" />
    </if>
  </update>
  <update id="updateByExample" parameterType="map" >
    update bookingbasicinfo
    set ID = #{record.id,jdbcType=INTEGER},
      TradeID = #{record.tradeid,jdbcType=VARCHAR},
      SubBook = #{record.subbook,jdbcType=VARCHAR},
      Strategy = #{record.strategy,jdbcType=VARCHAR},
      TemplateType = #{record.templatetype,jdbcType=VARCHAR},
      PerformanceType = #{record.performancetype,jdbcType=INTEGER},
      Position = #{record.position,jdbcType=DECIMAL},
      TradePrice = #{record.tradeprice,jdbcType=DECIMAL},
      TradeCcy = #{record.tradeccy,jdbcType=VARCHAR},
      SettleCcy = #{record.settleccy,jdbcType=VARCHAR},
      TradeDate = #{record.tradedate,jdbcType=DATE},
      StrikeDate = #{record.strikedate,jdbcType=TIMESTAMP},
      SettlementDate = #{record.settlementdate,jdbcType=DATE},
      ExpiryDate = #{record.expirydate,jdbcType=DATE},
      SettlementType = #{record.settlementtype,jdbcType=VARCHAR},
      BizConv = #{record.bizconv,jdbcType=INTEGER},
      DaycountConv = #{record.daycountconv,jdbcType=VARCHAR},
      CounterpartyID = #{record.counterpartyid,jdbcType=VARCHAR},
      SalesID = #{record.salesid,jdbcType=VARCHAR},
      Edge = #{record.edge,jdbcType=DECIMAL},
      FixingRecord = #{record.fixingrecord,jdbcType=BIT},
      QuantoFlag = #{record.quantoflag,jdbcType=INTEGER},
      InitialMargin = #{record.initialmargin,jdbcType=DECIMAL},
      MarginWarningLevel = #{record.marginwarninglevel,jdbcType=DECIMAL},
      MarginCallLevel = #{record.margincalllevel,jdbcType=DECIMAL},
      DivAdjust = #{record.divadjust,jdbcType=BIT},
      LiquidationLevel = #{record.liquidationlevel,jdbcType=DECIMAL},
      MarginNet = #{record.marginnet,jdbcType=BIT},
      JsonFilePath = #{record.jsonfilepath,jdbcType=VARCHAR},
      FXFixing = #{record.fxfixing,jdbcType=VARCHAR},
      LastUpdateUser = #{record.lastupdateuser,jdbcType=VARCHAR},
      LastUpdateTime = #{record.lastupdatetime,jdbcType=TIMESTAMP},
      UndlRounding = #{record.undlrounding,jdbcType=INTEGER},
      PayoffRounding = #{record.payoffrounding,jdbcType=INTEGER},
      ReportingNotional = #{record.reportingnotional,jdbcType=DECIMAL},
      CheckStatus = #{record.checkstatus,jdbcType=INTEGER},
      Comment = #{record.comment,jdbcType=VARCHAR},
      CheckerId = #{record.checkerid,jdbcType=VARCHAR},
      CheckTime = #{record.checktime,jdbcType=TIMESTAMP}
    <if test="_parameter != null" >
      <include refid="Update_By_Example_Where_Clause" />
    </if>
  </update>
  <update id="updateByPrimaryKeySelective" parameterType="com.modules.bookingbasicinfo.model.BookingbasicinfoModel" >
    update bookingbasicinfo
    <set >
      <if test="tradeid != null" >
        TradeID = #{tradeid,jdbcType=VARCHAR},
      </if>
      <if test="subbook != null" >
        SubBook = #{subbook,jdbcType=VARCHAR},
      </if>
      <if test="strategy != null" >
        Strategy = #{strategy,jdbcType=VARCHAR},
      </if>
      <if test="templatetype != null" >
        TemplateType = #{templatetype,jdbcType=VARCHAR},
      </if>
      <if test="performancetype != null" >
        PerformanceType = #{performancetype,jdbcType=INTEGER},
      </if>
      <if test="position != null" >
        Position = #{position,jdbcType=DECIMAL},
      </if>
      <if test="tradeprice != null" >
        TradePrice = #{tradeprice,jdbcType=DECIMAL},
      </if>
      <if test="tradeccy != null" >
        TradeCcy = #{tradeccy,jdbcType=VARCHAR},
      </if>
      <if test="settleccy != null" >
        SettleCcy = #{settleccy,jdbcType=VARCHAR},
      </if>
      <if test="tradedate != null" >
        TradeDate = #{tradedate,jdbcType=DATE},
      </if>
      <if test="strikedate != null" >
        StrikeDate = #{strikedate,jdbcType=TIMESTAMP},
      </if>
      <if test="settlementdate != null" >
        SettlementDate = #{settlementdate,jdbcType=DATE},
      </if>
      <if test="expirydate != null" >
        ExpiryDate = #{expirydate,jdbcType=DATE},
      </if>
      <if test="settlementtype != null" >
        SettlementType = #{settlementtype,jdbcType=VARCHAR},
      </if>
      <if test="bizconv != null" >
        BizConv = #{bizconv,jdbcType=INTEGER},
      </if>
      <if test="daycountconv != null" >
        DaycountConv = #{daycountconv,jdbcType=VARCHAR},
      </if>
      <if test="counterpartyid != null" >
        CounterpartyID = #{counterpartyid,jdbcType=VARCHAR},
      </if>
      <if test="salesid != null" >
        SalesID = #{salesid,jdbcType=VARCHAR},
      </if>
      <if test="edge != null" >
        Edge = #{edge,jdbcType=DECIMAL},
      </if>
      <if test="fixingrecord != null" >
        FixingRecord = #{fixingrecord,jdbcType=BIT},
      </if>
      <if test="quantoflag != null" >
        QuantoFlag = #{quantoflag,jdbcType=INTEGER},
      </if>
      <if test="initialmargin != null" >
        InitialMargin = #{initialmargin,jdbcType=DECIMAL},
      </if>
      <if test="marginwarninglevel != null" >
        MarginWarningLevel = #{marginwarninglevel,jdbcType=DECIMAL},
      </if>
      <if test="margincalllevel != null" >
        MarginCallLevel = #{margincalllevel,jdbcType=DECIMAL},
      </if>
      <if test="divadjust != null" >
        DivAdjust = #{divadjust,jdbcType=BIT},
      </if>
      <if test="liquidationlevel != null" >
        LiquidationLevel = #{liquidationlevel,jdbcType=DECIMAL},
      </if>
      <if test="marginnet != null" >
        MarginNet = #{marginnet,jdbcType=BIT},
      </if>
      <if test="jsonfilepath != null" >
        JsonFilePath = #{jsonfilepath,jdbcType=VARCHAR},
      </if>
      <if test="fxfixing != null" >
        FXFixing = #{fxfixing,jdbcType=VARCHAR},
      </if>
      <if test="lastupdateuser != null" >
        LastUpdateUser = #{lastupdateuser,jdbcType=VARCHAR},
      </if>
      <if test="lastupdatetime != null" >
        LastUpdateTime = #{lastupdatetime,jdbcType=TIMESTAMP},
      </if>
      <if test="undlrounding != null" >
        UndlRounding = #{undlrounding,jdbcType=INTEGER},
      </if>
      <if test="payoffrounding != null" >
        PayoffRounding = #{payoffrounding,jdbcType=INTEGER},
      </if>
      <if test="reportingnotional != null" >
        ReportingNotional = #{reportingnotional,jdbcType=DECIMAL},
      </if>
      <if test="checkstatus != null" >
        CheckStatus = #{checkstatus,jdbcType=INTEGER},
      </if>
      <if test="comment != null" >
        Comment = #{comment,jdbcType=VARCHAR},
      </if>
      <if test="checkerid != null" >
        CheckerId = #{checkerid,jdbcType=VARCHAR},
      </if>
      <if test="checktime != null" >
        CheckTime = #{checktime,jdbcType=TIMESTAMP},
      </if>
      <if test="overrideobsdate != null" >
        OverrideObsDate = #{overrideobsdate,jdbcType=LONGVARCHAR},
      </if>
    </set>
    where ID = #{id,jdbcType=INTEGER}
  </update>
  <update id="updateByPrimaryKeyWithBLOBs" parameterType="com.modules.bookingbasicinfo.model.BookingbasicinfoModel" >
    update bookingbasicinfo
    set TradeID = #{tradeid,jdbcType=VARCHAR},
      SubBook = #{subbook,jdbcType=VARCHAR},
      Strategy = #{strategy,jdbcType=VARCHAR},
      TemplateType = #{templatetype,jdbcType=VARCHAR},
      PerformanceType = #{performancetype,jdbcType=INTEGER},
      Position = #{position,jdbcType=DECIMAL},
      TradePrice = #{tradeprice,jdbcType=DECIMAL},
      TradeCcy = #{tradeccy,jdbcType=VARCHAR},
      SettleCcy = #{settleccy,jdbcType=VARCHAR},
      TradeDate = #{tradedate,jdbcType=DATE},
      StrikeDate = #{strikedate,jdbcType=TIMESTAMP},
      SettlementDate = #{settlementdate,jdbcType=DATE},
      ExpiryDate = #{expirydate,jdbcType=DATE},
      SettlementType = #{settlementtype,jdbcType=VARCHAR},
      BizConv = #{bizconv,jdbcType=INTEGER},
      DaycountConv = #{daycountconv,jdbcType=VARCHAR},
      CounterpartyID = #{counterpartyid,jdbcType=VARCHAR},
      SalesID = #{salesid,jdbcType=VARCHAR},
      Edge = #{edge,jdbcType=DECIMAL},
      FixingRecord = #{fixingrecord,jdbcType=BIT},
      QuantoFlag = #{quantoflag,jdbcType=INTEGER},
      InitialMargin = #{initialmargin,jdbcType=DECIMAL},
      MarginWarningLevel = #{marginwarninglevel,jdbcType=DECIMAL},
      MarginCallLevel = #{margincalllevel,jdbcType=DECIMAL},
      DivAdjust = #{divadjust,jdbcType=BIT},
      LiquidationLevel = #{liquidationlevel,jdbcType=DECIMAL},
      MarginNet = #{marginnet,jdbcType=BIT},
      JsonFilePath = #{jsonfilepath,jdbcType=VARCHAR},
      FXFixing = #{fxfixing,jdbcType=VARCHAR},
      LastUpdateUser = #{lastupdateuser,jdbcType=VARCHAR},
      LastUpdateTime = #{lastupdatetime,jdbcType=TIMESTAMP},
      UndlRounding = #{undlrounding,jdbcType=INTEGER},
      PayoffRounding = #{payoffrounding,jdbcType=INTEGER},
      ReportingNotional = #{reportingnotional,jdbcType=DECIMAL},
      CheckStatus = #{checkstatus,jdbcType=INTEGER},
      Comment = #{comment,jdbcType=VARCHAR},
      CheckerId = #{checkerid,jdbcType=VARCHAR},
      CheckTime = #{checktime,jdbcType=TIMESTAMP},
      OverrideObsDate = #{overrideobsdate,jdbcType=LONGVARCHAR}
    where ID = #{id,jdbcType=INTEGER}
  </update>
  <update id="updateByPrimaryKey" parameterType="com.modules.bookingbasicinfo.model.BookingbasicinfoModel" >
    update bookingbasicinfo
    set TradeID = #{tradeid,jdbcType=VARCHAR},
      SubBook = #{subbook,jdbcType=VARCHAR},
      Strategy = #{strategy,jdbcType=VARCHAR},
      TemplateType = #{templatetype,jdbcType=VARCHAR},
      PerformanceType = #{performancetype,jdbcType=INTEGER},
      Position = #{position,jdbcType=DECIMAL},
      TradePrice = #{tradeprice,jdbcType=DECIMAL},
      TradeCcy = #{tradeccy,jdbcType=VARCHAR},
      SettleCcy = #{settleccy,jdbcType=VARCHAR},
      TradeDate = #{tradedate,jdbcType=DATE},
      StrikeDate = #{strikedate,jdbcType=TIMESTAMP},
      SettlementDate = #{settlementdate,jdbcType=DATE},
      ExpiryDate = #{expirydate,jdbcType=DATE},
      SettlementType = #{settlementtype,jdbcType=VARCHAR},
      BizConv = #{bizconv,jdbcType=INTEGER},
      DaycountConv = #{daycountconv,jdbcType=VARCHAR},
      CounterpartyID = #{counterpartyid,jdbcType=VARCHAR},
      SalesID = #{salesid,jdbcType=VARCHAR},
      Edge = #{edge,jdbcType=DECIMAL},
      FixingRecord = #{fixingrecord,jdbcType=BIT},
      QuantoFlag = #{quantoflag,jdbcType=INTEGER},
      InitialMargin = #{initialmargin,jdbcType=DECIMAL},
      MarginWarningLevel = #{marginwarninglevel,jdbcType=DECIMAL},
      MarginCallLevel = #{margincalllevel,jdbcType=DECIMAL},
      DivAdjust = #{divadjust,jdbcType=BIT},
      LiquidationLevel = #{liquidationlevel,jdbcType=DECIMAL},
      MarginNet = #{marginnet,jdbcType=BIT},
      JsonFilePath = #{jsonfilepath,jdbcType=VARCHAR},
      FXFixing = #{fxfixing,jdbcType=VARCHAR},
      LastUpdateUser = #{lastupdateuser,jdbcType=VARCHAR},
      LastUpdateTime = #{lastupdatetime,jdbcType=TIMESTAMP},
      UndlRounding = #{undlrounding,jdbcType=INTEGER},
      PayoffRounding = #{payoffrounding,jdbcType=INTEGER},
      ReportingNotional = #{reportingnotional,jdbcType=DECIMAL},
      CheckStatus = #{checkstatus,jdbcType=INTEGER},
      Comment = #{comment,jdbcType=VARCHAR},
      CheckerId = #{checkerid,jdbcType=VARCHAR},
      CheckTime = #{checktime,jdbcType=TIMESTAMP}
    where ID = #{id,jdbcType=INTEGER}
  </update>
</mapper>