<?xml version="1.0" encoding="UTF-8" ?>
<!DOCTYPE mapper PUBLIC "-//mybatis.org//DTD Mapper 3.0//EN" "http://mybatis.org/dtd/mybatis-3-mapper.dtd" >
<mapper namespace="com.modules.calendar.dao.CalendarModelMapper" >
  <resultMap id="BaseResultMap" type="com.modules.calendar.model.CalendarModel" >
    <id column="ID" property="id" jdbcType="INTEGER" />
    <result column="ExchangeCode" property="exchangecode" jdbcType="VARCHAR" />
    <result column="Day" property="day" jdbcType="DATE" />
    <result column="Trading" property="trading" jdbcType="BIT" />
    <result column="Settling" property="settling" jdbcType="BIT" />
    <result column="Holiday" property="holiday" jdbcType="BIT" />
  </resultMap>
  <sql id="Example_Where_Clause" >
    <where >
      <foreach collection="oredCriteria" item="criteria" separator="or" >
        <if test="criteria.valid" >
          <trim prefix="(" suffix=")" prefixOverrides="and" >
            <foreach collection="criteria.criteria" item="criterion" >
              <choose >
                <when test="criterion.noValue" >
                  and ${criterion.condition}
                </when>
                <when test="criterion.singleValue" >
                  and ${criterion.condition} #{criterion.value}
                </when>
                <when test="criterion.betweenValue" >
                  and ${criterion.condition} #{criterion.value} and #{criterion.secondValue}
                </when>
                <when test="criterion.listValue" >
                  and ${criterion.condition}
                  <foreach collection="criterion.value" item="listItem" open="(" close=")" separator="," >
                    #{listItem}
                  </foreach>
                </when>
              </choose>
            </foreach>
          </trim>
        </if>
      </foreach>
    </where>
  </sql>
  <sql id="Update_By_Example_Where_Clause" >
    <where >
      <foreach collection="example.oredCriteria" item="criteria" separator="or" >
        <if test="criteria.valid" >
          <trim prefix="(" suffix=")" prefixOverrides="and" >
            <foreach collection="criteria.criteria" item="criterion" >
              <choose >
                <when test="criterion.noValue" >
                  and ${criterion.condition}
                </when>
                <when test="criterion.singleValue" >
                  and ${criterion.condition} #{criterion.value}
                </when>
                <when test="criterion.betweenValue" >
                  and ${criterion.condition} #{criterion.value} and #{criterion.secondValue}
                </when>
                <when test="criterion.listValue" >
                  and ${criterion.condition}
                  <foreach collection="criterion.value" item="listItem" open="(" close=")" separator="," >
                    #{listItem}
                  </foreach>
                </when>
              </choose>
            </foreach>
          </trim>
        </if>
      </foreach>
    </where>
  </sql>
  <sql id="Base_Column_List" >
    ID, ExchangeCode, Day, Trading, Settling, Holiday
  </sql>
  <select id="selectByExample" resultMap="BaseResultMap" parameterType="com.modules.calendar.model.CalendarModelExample" >
    select
    <if test="distinct" >
      distinct
    </if>
    'false' as QUERYID,
    <include refid="Base_Column_List" />
    from calendar
    <if test="_parameter != null" >
      <include refid="Example_Where_Clause" />
    </if>
    <if test="orderByClause != null" >
      order by ${orderByClause}
    </if>
  </select>
  <select id="selectByPrimaryKey" resultMap="BaseResultMap" parameterType="java.lang.Integer" >
    select 
    <include refid="Base_Column_List" />
    from calendar
    where ID = #{id,jdbcType=INTEGER}
  </select>
  <delete id="deleteByPrimaryKey" parameterType="java.lang.Integer" >
    delete from calendar
    where ID = #{id,jdbcType=INTEGER}
  </delete>
  <delete id="deleteByExample" parameterType="com.modules.calendar.model.CalendarModelExample" >
    delete from calendar
    <if test="_parameter != null" >
      <include refid="Example_Where_Clause" />
    </if>
  </delete>
  <insert id="insert" parameterType="com.modules.calendar.model.CalendarModel" >
    insert into calendar (ID, ExchangeCode, Day, 
      Trading, Settling, Holiday)
    values (#{id,jdbcType=INTEGER}, #{exchangecode,jdbcType=VARCHAR}, #{day,jdbcType=DATE}, 
      #{trading,jdbcType=BIT}, #{settling,jdbcType=BIT}, #{holiday,jdbcType=BIT})
  </insert>
  <insert id="insertSelective" parameterType="com.modules.calendar.model.CalendarModel" >
    insert into calendar
    <trim prefix="(" suffix=")" suffixOverrides="," >
      <if test="id != null" >
        ID,
      </if>
      <if test="exchangecode != null" >
        ExchangeCode,
      </if>
      <if test="day != null" >
        Day,
      </if>
      <if test="trading != null" >
        Trading,
      </if>
      <if test="settling != null" >
        Settling,
      </if>
      <if test="holiday != null" >
        Holiday,
      </if>
    </trim>
    <trim prefix="values (" suffix=")" suffixOverrides="," >
      <if test="id != null" >
        #{id,jdbcType=INTEGER},
      </if>
      <if test="exchangecode != null" >
        #{exchangecode,jdbcType=VARCHAR},
      </if>
      <if test="day != null" >
        #{day,jdbcType=DATE},
      </if>
      <if test="trading != null" >
        #{trading,jdbcType=BIT},
      </if>
      <if test="settling != null" >
        #{settling,jdbcType=BIT},
      </if>
      <if test="holiday != null" >
        #{holiday,jdbcType=BIT},
      </if>
    </trim>
  </insert>
  <select id="countByExample" parameterType="com.modules.calendar.model.CalendarModelExample" resultType="java.lang.Integer" >
    select count(*) from calendar
    <if test="_parameter != null" >
      <include refid="Example_Where_Clause" />
    </if>
  </select>
  <update id="updateByExampleSelective" parameterType="map" >
    update calendar
    <set >
      <if test="record.id != null" >
        ID = #{record.id,jdbcType=INTEGER},
      </if>
      <if test="record.exchangecode != null" >
        ExchangeCode = #{record.exchangecode,jdbcType=VARCHAR},
      </if>
      <if test="record.day != null" >
        Day = #{record.day,jdbcType=DATE},
      </if>
      <if test="record.trading != null" >
        Trading = #{record.trading,jdbcType=BIT},
      </if>
      <if test="record.settling != null" >
        Settling = #{record.settling,jdbcType=BIT},
      </if>
      <if test="record.holiday != null" >
        Holiday = #{record.holiday,jdbcType=BIT},
      </if>
    </set>
    <if test="_parameter != null" >
      <include refid="Update_By_Example_Where_Clause" />
    </if>
  </update>
  <update id="updateByExample" parameterType="map" >
    update calendar
    set ID = #{record.id,jdbcType=INTEGER},
      ExchangeCode = #{record.exchangecode,jdbcType=VARCHAR},
      Day = #{record.day,jdbcType=DATE},
      Trading = #{record.trading,jdbcType=BIT},
      Settling = #{record.settling,jdbcType=BIT},
      Holiday = #{record.holiday,jdbcType=BIT}
    <if test="_parameter != null" >
      <include refid="Update_By_Example_Where_Clause" />
    </if>
  </update>
  <update id="updateByPrimaryKeySelective" parameterType="com.modules.calendar.model.CalendarModel" >
    update calendar
    <set >
      <if test="exchangecode != null" >
        ExchangeCode = #{exchangecode,jdbcType=VARCHAR},
      </if>
      <if test="day != null" >
        Day = #{day,jdbcType=DATE},
      </if>
      <if test="trading != null" >
        Trading = #{trading,jdbcType=BIT},
      </if>
      <if test="settling != null" >
        Settling = #{settling,jdbcType=BIT},
      </if>
      <if test="holiday != null" >
        Holiday = #{holiday,jdbcType=BIT},
      </if>
    </set>
    where ID = #{id,jdbcType=INTEGER}
  </update>
  <update id="updateByPrimaryKey" parameterType="com.modules.calendar.model.CalendarModel" >
    update calendar
    set ExchangeCode = #{exchangecode,jdbcType=VARCHAR},
      Day = #{day,jdbcType=DATE},
      Trading = #{trading,jdbcType=BIT},
      Settling = #{settling,jdbcType=BIT},
      Holiday = #{holiday,jdbcType=BIT}
    where ID = #{id,jdbcType=INTEGER}
  </update>
</mapper>