<?xml version="1.0" encoding="UTF-8" ?>
<!DOCTYPE mapper PUBLIC "-//mybatis.org//DTD Mapper 3.0//EN" "http://mybatis.org/dtd/mybatis-3-mapper.dtd" >
<mapper namespace="com.modules.codelibrary.dao.CodelibraryModelMapper" >
  <resultMap id="BaseResultMap" type="com.modules.codelibrary.model.CodelibraryModel" >
    <id column="ID" property="id" jdbcType="INTEGER" />
    <result column="ItemNo" property="itemno" jdbcType="INTEGER" />
    <result column="CodeNo" property="codeno" jdbcType="INTEGER" />
    <result column="CodeName" property="codename" jdbcType="VARCHAR" />
    <result column="IsDefault" property="isdefault" jdbcType="BIT" />
    <result column="CodeDesc" property="codedesc" jdbcType="VARCHAR" />
    <result column="Remark" property="remark" jdbcType="VARCHAR" />
    <result column="LastUpdateUser" property="lastupdateuser" jdbcType="VARCHAR" />
    <result column="LastUpdateTime" property="lastupdatetime" jdbcType="TIMESTAMP" />
  </resultMap>
  <sql id="Example_Where_Clause" >
    <where >
      <foreach collection="oredCriteria" item="criteria" separator="or" >
        <if test="criteria.valid" >
          <trim prefix="(" suffix=")" prefixOverrides="and" >
            <foreach collection="criteria.criteria" item="criterion" >
              <choose >
                <when test="criterion.noValue" >
                  and ${criterion.condition}
                </when>
                <when test="criterion.singleValue" >
                  and ${criterion.condition} #{criterion.value}
                </when>
                <when test="criterion.betweenValue" >
                  and ${criterion.condition} #{criterion.value} and #{criterion.secondValue}
                </when>
                <when test="criterion.listValue" >
                  and ${criterion.condition}
                  <foreach collection="criterion.value" item="listItem" open="(" close=")" separator="," >
                    #{listItem}
                  </foreach>
                </when>
              </choose>
            </foreach>
          </trim>
        </if>
      </foreach>
    </where>
  </sql>
  <sql id="Update_By_Example_Where_Clause" >
    <where >
      <foreach collection="example.oredCriteria" item="criteria" separator="or" >
        <if test="criteria.valid" >
          <trim prefix="(" suffix=")" prefixOverrides="and" >
            <foreach collection="criteria.criteria" item="criterion" >
              <choose >
                <when test="criterion.noValue" >
                  and ${criterion.condition}
                </when>
                <when test="criterion.singleValue" >
                  and ${criterion.condition} #{criterion.value}
                </when>
                <when test="criterion.betweenValue" >
                  and ${criterion.condition} #{criterion.value} and #{criterion.secondValue}
                </when>
                <when test="criterion.listValue" >
                  and ${criterion.condition}
                  <foreach collection="criterion.value" item="listItem" open="(" close=")" separator="," >
                    #{listItem}
                  </foreach>
                </when>
              </choose>
            </foreach>
          </trim>
        </if>
      </foreach>
    </where>
  </sql>
  <sql id="Base_Column_List" >
    ID, ItemNo, CodeNo, CodeName, IsDefault, CodeDesc, Remark, LastUpdateUser, LastUpdateTime
  </sql>
  <select id="selectByExample" resultMap="BaseResultMap" parameterType="com.modules.codelibrary.model.CodelibraryModelExample" >
    select
    <if test="distinct" >
      distinct
    </if>
    'false' as QUERYID,
    <include refid="Base_Column_List" />
    from codelibrary
    <if test="_parameter != null" >
      <include refid="Example_Where_Clause" />
    </if>
    <if test="orderByClause != null" >
      order by ${orderByClause}
    </if>
  </select>
  <select id="selectByPrimaryKey" resultMap="BaseResultMap" parameterType="java.lang.Integer" >
    select 
    <include refid="Base_Column_List" />
    from codelibrary
    where ID = #{id,jdbcType=INTEGER}
  </select>
  <delete id="deleteByPrimaryKey" parameterType="java.lang.Integer" >
    delete from codelibrary
    where ID = #{id,jdbcType=INTEGER}
  </delete>
  <delete id="deleteByExample" parameterType="com.modules.codelibrary.model.CodelibraryModelExample" >
    delete from codelibrary
    <if test="_parameter != null" >
      <include refid="Example_Where_Clause" />
    </if>
  </delete>
  <insert id="insert" parameterType="com.modules.codelibrary.model.CodelibraryModel" >
    insert into codelibrary (ID, ItemNo, CodeNo, 
      CodeName, IsDefault, CodeDesc, 
      Remark, LastUpdateUser, LastUpdateTime
      )
    values (#{id,jdbcType=INTEGER}, #{itemno,jdbcType=INTEGER}, #{codeno,jdbcType=INTEGER}, 
      #{codename,jdbcType=VARCHAR}, #{isdefault,jdbcType=BIT}, #{codedesc,jdbcType=VARCHAR}, 
      #{remark,jdbcType=VARCHAR}, #{lastupdateuser,jdbcType=VARCHAR}, #{lastupdatetime,jdbcType=TIMESTAMP}
      )
  </insert>
  <insert id="insertSelective" parameterType="com.modules.codelibrary.model.CodelibraryModel" >
    insert into codelibrary
    <trim prefix="(" suffix=")" suffixOverrides="," >
      <if test="id != null" >
        ID,
      </if>
      <if test="itemno != null" >
        ItemNo,
      </if>
      <if test="codeno != null" >
        CodeNo,
      </if>
      <if test="codename != null" >
        CodeName,
      </if>
      <if test="isdefault != null" >
        IsDefault,
      </if>
      <if test="codedesc != null" >
        CodeDesc,
      </if>
      <if test="remark != null" >
        Remark,
      </if>
      <if test="lastupdateuser != null" >
        LastUpdateUser,
      </if>
      <if test="lastupdatetime != null" >
        LastUpdateTime,
      </if>
    </trim>
    <trim prefix="values (" suffix=")" suffixOverrides="," >
      <if test="id != null" >
        #{id,jdbcType=INTEGER},
      </if>
      <if test="itemno != null" >
        #{itemno,jdbcType=INTEGER},
      </if>
      <if test="codeno != null" >
        #{codeno,jdbcType=INTEGER},
      </if>
      <if test="codename != null" >
        #{codename,jdbcType=VARCHAR},
      </if>
      <if test="isdefault != null" >
        #{isdefault,jdbcType=BIT},
      </if>
      <if test="codedesc != null" >
        #{codedesc,jdbcType=VARCHAR},
      </if>
      <if test="remark != null" >
        #{remark,jdbcType=VARCHAR},
      </if>
      <if test="lastupdateuser != null" >
        #{lastupdateuser,jdbcType=VARCHAR},
      </if>
      <if test="lastupdatetime != null" >
        #{lastupdatetime,jdbcType=TIMESTAMP},
      </if>
    </trim>
  </insert>
  <select id="countByExample" parameterType="com.modules.codelibrary.model.CodelibraryModelExample" resultType="java.lang.Integer" >
    select count(*) from codelibrary
    <if test="_parameter != null" >
      <include refid="Example_Where_Clause" />
    </if>
  </select>
  <update id="updateByExampleSelective" parameterType="map" >
    update codelibrary
    <set >
      <if test="record.id != null" >
        ID = #{record.id,jdbcType=INTEGER},
      </if>
      <if test="record.itemno != null" >
        ItemNo = #{record.itemno,jdbcType=INTEGER},
      </if>
      <if test="record.codeno != null" >
        CodeNo = #{record.codeno,jdbcType=INTEGER},
      </if>
      <if test="record.codename != null" >
        CodeName = #{record.codename,jdbcType=VARCHAR},
      </if>
      <if test="record.isdefault != null" >
        IsDefault = #{record.isdefault,jdbcType=BIT},
      </if>
      <if test="record.codedesc != null" >
        CodeDesc = #{record.codedesc,jdbcType=VARCHAR},
      </if>
      <if test="record.remark != null" >
        Remark = #{record.remark,jdbcType=VARCHAR},
      </if>
      <if test="record.lastupdateuser != null" >
        LastUpdateUser = #{record.lastupdateuser,jdbcType=VARCHAR},
      </if>
      <if test="record.lastupdatetime != null" >
        LastUpdateTime = #{record.lastupdatetime,jdbcType=TIMESTAMP},
      </if>
    </set>
    <if test="_parameter != null" >
      <include refid="Update_By_Example_Where_Clause" />
    </if>
  </update>
  <update id="updateByExample" parameterType="map" >
    update codelibrary
    set ID = #{record.id,jdbcType=INTEGER},
      ItemNo = #{record.itemno,jdbcType=INTEGER},
      CodeNo = #{record.codeno,jdbcType=INTEGER},
      CodeName = #{record.codename,jdbcType=VARCHAR},
      IsDefault = #{record.isdefault,jdbcType=BIT},
      CodeDesc = #{record.codedesc,jdbcType=VARCHAR},
      Remark = #{record.remark,jdbcType=VARCHAR},
      LastUpdateUser = #{record.lastupdateuser,jdbcType=VARCHAR},
      LastUpdateTime = #{record.lastupdatetime,jdbcType=TIMESTAMP}
    <if test="_parameter != null" >
      <include refid="Update_By_Example_Where_Clause" />
    </if>
  </update>
  <update id="updateByPrimaryKeySelective" parameterType="com.modules.codelibrary.model.CodelibraryModel" >
    update codelibrary
    <set >
      <if test="itemno != null" >
        ItemNo = #{itemno,jdbcType=INTEGER},
      </if>
      <if test="codeno != null" >
        CodeNo = #{codeno,jdbcType=INTEGER},
      </if>
      <if test="codename != null" >
        CodeName = #{codename,jdbcType=VARCHAR},
      </if>
      <if test="isdefault != null" >
        IsDefault = #{isdefault,jdbcType=BIT},
      </if>
      <if test="codedesc != null" >
        CodeDesc = #{codedesc,jdbcType=VARCHAR},
      </if>
      <if test="remark != null" >
        Remark = #{remark,jdbcType=VARCHAR},
      </if>
      <if test="lastupdateuser != null" >
        LastUpdateUser = #{lastupdateuser,jdbcType=VARCHAR},
      </if>
      <if test="lastupdatetime != null" >
        LastUpdateTime = #{lastupdatetime,jdbcType=TIMESTAMP},
      </if>
    </set>
    where ID = #{id,jdbcType=INTEGER}
  </update>
  <update id="updateByPrimaryKey" parameterType="com.modules.codelibrary.model.CodelibraryModel" >
    update codelibrary
    set ItemNo = #{itemno,jdbcType=INTEGER},
      CodeNo = #{codeno,jdbcType=INTEGER},
      CodeName = #{codename,jdbcType=VARCHAR},
      IsDefault = #{isdefault,jdbcType=BIT},
      CodeDesc = #{codedesc,jdbcType=VARCHAR},
      Remark = #{remark,jdbcType=VARCHAR},
      LastUpdateUser = #{lastupdateuser,jdbcType=VARCHAR},
      LastUpdateTime = #{lastupdatetime,jdbcType=TIMESTAMP}
    where ID = #{id,jdbcType=INTEGER}
  </update>
</mapper>