<?xml version="1.0" encoding="UTF-8" ?>
<!DOCTYPE mapper PUBLIC "-//mybatis.org//DTD Mapper 3.0//EN" "http://mybatis.org/dtd/mybatis-3-mapper.dtd" >
<mapper namespace="com.modules.nonlinearswapinfo.dao.NonlinearswapinfoModelMapper" >
  <resultMap id="BaseResultMap" type="com.modules.nonlinearswapinfo.model.NonlinearswapinfoModel" >
    <id column="ID" property="id" jdbcType="INTEGER" />
    <result column="TradeID" property="tradeid" jdbcType="VARCHAR" />
    <result column="Strike" property="strike" jdbcType="DECIMAL" />
    <result column="FixedRate" property="fixedrate" jdbcType="DECIMAL" />
    <result column="YearFrac" property="yearfrac" jdbcType="DECIMAL" />
    <result column="FloatingRateShift" property="floatingrateshift" jdbcType="DECIMAL" />
    <result column="PR" property="pr" jdbcType="DECIMAL" />
    <result column="CommissionRate" property="commissionrate" jdbcType="DECIMAL" />
    <result column="FundingCcy" property="fundingccy" jdbcType="VARCHAR" />
    <result column="LastUpdateUser" property="lastupdateuser" jdbcType="VARCHAR" />
    <result column="LastUpdateTime" property="lastupdatetime" jdbcType="TIMESTAMP" />
  </resultMap>
  <sql id="Example_Where_Clause" >
    <where >
      <foreach collection="oredCriteria" item="criteria" separator="or" >
        <if test="criteria.valid" >
          <trim prefix="(" suffix=")" prefixOverrides="and" >
            <foreach collection="criteria.criteria" item="criterion" >
              <choose >
                <when test="criterion.noValue" >
                  and ${criterion.condition}
                </when>
                <when test="criterion.singleValue" >
                  and ${criterion.condition} #{criterion.value}
                </when>
                <when test="criterion.betweenValue" >
                  and ${criterion.condition} #{criterion.value} and #{criterion.secondValue}
                </when>
                <when test="criterion.listValue" >
                  and ${criterion.condition}
                  <foreach collection="criterion.value" item="listItem" open="(" close=")" separator="," >
                    #{listItem}
                  </foreach>
                </when>
              </choose>
            </foreach>
          </trim>
        </if>
      </foreach>
    </where>
  </sql>
  <sql id="Update_By_Example_Where_Clause" >
    <where >
      <foreach collection="example.oredCriteria" item="criteria" separator="or" >
        <if test="criteria.valid" >
          <trim prefix="(" suffix=")" prefixOverrides="and" >
            <foreach collection="criteria.criteria" item="criterion" >
              <choose >
                <when test="criterion.noValue" >
                  and ${criterion.condition}
                </when>
                <when test="criterion.singleValue" >
                  and ${criterion.condition} #{criterion.value}
                </when>
                <when test="criterion.betweenValue" >
                  and ${criterion.condition} #{criterion.value} and #{criterion.secondValue}
                </when>
                <when test="criterion.listValue" >
                  and ${criterion.condition}
                  <foreach collection="criterion.value" item="listItem" open="(" close=")" separator="," >
                    #{listItem}
                  </foreach>
                </when>
              </choose>
            </foreach>
          </trim>
        </if>
      </foreach>
    </where>
  </sql>
  <sql id="Base_Column_List" >
    ID, TradeID, Strike, FixedRate, YearFrac, FloatingRateShift, PR, CommissionRate, 
    FundingCcy, LastUpdateUser, LastUpdateTime
  </sql>
  <select id="selectByExample" resultMap="BaseResultMap" parameterType="com.modules.nonlinearswapinfo.model.NonlinearswapinfoModelExample" >
    select
    <if test="distinct" >
      distinct
    </if>
    'false' as QUERYID,
    <include refid="Base_Column_List" />
    from nonlinearswapinfo
    <if test="_parameter != null" >
      <include refid="Example_Where_Clause" />
    </if>
    <if test="orderByClause != null" >
      order by ${orderByClause}
    </if>
  </select>
  <select id="selectByPrimaryKey" resultMap="BaseResultMap" parameterType="java.lang.Integer" >
    select 
    <include refid="Base_Column_List" />
    from nonlinearswapinfo
    where ID = #{id,jdbcType=INTEGER}
  </select>
  <delete id="deleteByPrimaryKey" parameterType="java.lang.Integer" >
    delete from nonlinearswapinfo
    where ID = #{id,jdbcType=INTEGER}
  </delete>
  <delete id="deleteByExample" parameterType="com.modules.nonlinearswapinfo.model.NonlinearswapinfoModelExample" >
    delete from nonlinearswapinfo
    <if test="_parameter != null" >
      <include refid="Example_Where_Clause" />
    </if>
  </delete>
  <insert id="insert" parameterType="com.modules.nonlinearswapinfo.model.NonlinearswapinfoModel" >
    insert into nonlinearswapinfo (ID, TradeID, Strike, 
      FixedRate, YearFrac, FloatingRateShift, 
      PR, CommissionRate, FundingCcy, 
      LastUpdateUser, LastUpdateTime)
    values (#{id,jdbcType=INTEGER}, #{tradeid,jdbcType=VARCHAR}, #{strike,jdbcType=DECIMAL}, 
      #{fixedrate,jdbcType=DECIMAL}, #{yearfrac,jdbcType=DECIMAL}, #{floatingrateshift,jdbcType=DECIMAL}, 
      #{pr,jdbcType=DECIMAL}, #{commissionrate,jdbcType=DECIMAL}, #{fundingccy,jdbcType=VARCHAR}, 
      #{lastupdateuser,jdbcType=VARCHAR}, #{lastupdatetime,jdbcType=TIMESTAMP})
  </insert>
  <insert id="insertSelective" parameterType="com.modules.nonlinearswapinfo.model.NonlinearswapinfoModel" >
    insert into nonlinearswapinfo
    <trim prefix="(" suffix=")" suffixOverrides="," >
      <if test="id != null" >
        ID,
      </if>
      <if test="tradeid != null" >
        TradeID,
      </if>
      <if test="strike != null" >
        Strike,
      </if>
      <if test="fixedrate != null" >
        FixedRate,
      </if>
      <if test="yearfrac != null" >
        YearFrac,
      </if>
      <if test="floatingrateshift != null" >
        FloatingRateShift,
      </if>
      <if test="pr != null" >
        PR,
      </if>
      <if test="commissionrate != null" >
        CommissionRate,
      </if>
      <if test="fundingccy != null" >
        FundingCcy,
      </if>
      <if test="lastupdateuser != null" >
        LastUpdateUser,
      </if>
      <if test="lastupdatetime != null" >
        LastUpdateTime,
      </if>
    </trim>
    <trim prefix="values (" suffix=")" suffixOverrides="," >
      <if test="id != null" >
        #{id,jdbcType=INTEGER},
      </if>
      <if test="tradeid != null" >
        #{tradeid,jdbcType=VARCHAR},
      </if>
      <if test="strike != null" >
        #{strike,jdbcType=DECIMAL},
      </if>
      <if test="fixedrate != null" >
        #{fixedrate,jdbcType=DECIMAL},
      </if>
      <if test="yearfrac != null" >
        #{yearfrac,jdbcType=DECIMAL},
      </if>
      <if test="floatingrateshift != null" >
        #{floatingrateshift,jdbcType=DECIMAL},
      </if>
      <if test="pr != null" >
        #{pr,jdbcType=DECIMAL},
      </if>
      <if test="commissionrate != null" >
        #{commissionrate,jdbcType=DECIMAL},
      </if>
      <if test="fundingccy != null" >
        #{fundingccy,jdbcType=VARCHAR},
      </if>
      <if test="lastupdateuser != null" >
        #{lastupdateuser,jdbcType=VARCHAR},
      </if>
      <if test="lastupdatetime != null" >
        #{lastupdatetime,jdbcType=TIMESTAMP},
      </if>
    </trim>
  </insert>
  <select id="countByExample" parameterType="com.modules.nonlinearswapinfo.model.NonlinearswapinfoModelExample" resultType="java.lang.Integer" >
    select count(*) from nonlinearswapinfo
    <if test="_parameter != null" >
      <include refid="Example_Where_Clause" />
    </if>
  </select>
  <update id="updateByExampleSelective" parameterType="map" >
    update nonlinearswapinfo
    <set >
      <if test="record.id != null" >
        ID = #{record.id,jdbcType=INTEGER},
      </if>
      <if test="record.tradeid != null" >
        TradeID = #{record.tradeid,jdbcType=VARCHAR},
      </if>
      <if test="record.strike != null" >
        Strike = #{record.strike,jdbcType=DECIMAL},
      </if>
      <if test="record.fixedrate != null" >
        FixedRate = #{record.fixedrate,jdbcType=DECIMAL},
      </if>
      <if test="record.yearfrac != null" >
        YearFrac = #{record.yearfrac,jdbcType=DECIMAL},
      </if>
      <if test="record.floatingrateshift != null" >
        FloatingRateShift = #{record.floatingrateshift,jdbcType=DECIMAL},
      </if>
      <if test="record.pr != null" >
        PR = #{record.pr,jdbcType=DECIMAL},
      </if>
      <if test="record.commissionrate != null" >
        CommissionRate = #{record.commissionrate,jdbcType=DECIMAL},
      </if>
      <if test="record.fundingccy != null" >
        FundingCcy = #{record.fundingccy,jdbcType=VARCHAR},
      </if>
      <if test="record.lastupdateuser != null" >
        LastUpdateUser = #{record.lastupdateuser,jdbcType=VARCHAR},
      </if>
      <if test="record.lastupdatetime != null" >
        LastUpdateTime = #{record.lastupdatetime,jdbcType=TIMESTAMP},
      </if>
    </set>
    <if test="_parameter != null" >
      <include refid="Update_By_Example_Where_Clause" />
    </if>
  </update>
  <update id="updateByExample" parameterType="map" >
    update nonlinearswapinfo
    set ID = #{record.id,jdbcType=INTEGER},
      TradeID = #{record.tradeid,jdbcType=VARCHAR},
      Strike = #{record.strike,jdbcType=DECIMAL},
      FixedRate = #{record.fixedrate,jdbcType=DECIMAL},
      YearFrac = #{record.yearfrac,jdbcType=DECIMAL},
      FloatingRateShift = #{record.floatingrateshift,jdbcType=DECIMAL},
      PR = #{record.pr,jdbcType=DECIMAL},
      CommissionRate = #{record.commissionrate,jdbcType=DECIMAL},
      FundingCcy = #{record.fundingccy,jdbcType=VARCHAR},
      LastUpdateUser = #{record.lastupdateuser,jdbcType=VARCHAR},
      LastUpdateTime = #{record.lastupdatetime,jdbcType=TIMESTAMP}
    <if test="_parameter != null" >
      <include refid="Update_By_Example_Where_Clause" />
    </if>
  </update>
  <update id="updateByPrimaryKeySelective" parameterType="com.modules.nonlinearswapinfo.model.NonlinearswapinfoModel" >
    update nonlinearswapinfo
    <set >
      <if test="tradeid != null" >
        TradeID = #{tradeid,jdbcType=VARCHAR},
      </if>
      <if test="strike != null" >
        Strike = #{strike,jdbcType=DECIMAL},
      </if>
      <if test="fixedrate != null" >
        FixedRate = #{fixedrate,jdbcType=DECIMAL},
      </if>
      <if test="yearfrac != null" >
        YearFrac = #{yearfrac,jdbcType=DECIMAL},
      </if>
      <if test="floatingrateshift != null" >
        FloatingRateShift = #{floatingrateshift,jdbcType=DECIMAL},
      </if>
      <if test="pr != null" >
        PR = #{pr,jdbcType=DECIMAL},
      </if>
      <if test="commissionrate != null" >
        CommissionRate = #{commissionrate,jdbcType=DECIMAL},
      </if>
      <if test="fundingccy != null" >
        FundingCcy = #{fundingccy,jdbcType=VARCHAR},
      </if>
      <if test="lastupdateuser != null" >
        LastUpdateUser = #{lastupdateuser,jdbcType=VARCHAR},
      </if>
      <if test="lastupdatetime != null" >
        LastUpdateTime = #{lastupdatetime,jdbcType=TIMESTAMP},
      </if>
    </set>
    where ID = #{id,jdbcType=INTEGER}
  </update>
  <update id="updateByPrimaryKey" parameterType="com.modules.nonlinearswapinfo.model.NonlinearswapinfoModel" >
    update nonlinearswapinfo
    set TradeID = #{tradeid,jdbcType=VARCHAR},
      Strike = #{strike,jdbcType=DECIMAL},
      FixedRate = #{fixedrate,jdbcType=DECIMAL},
      YearFrac = #{yearfrac,jdbcType=DECIMAL},
      FloatingRateShift = #{floatingrateshift,jdbcType=DECIMAL},
      PR = #{pr,jdbcType=DECIMAL},
      CommissionRate = #{commissionrate,jdbcType=DECIMAL},
      FundingCcy = #{fundingccy,jdbcType=VARCHAR},
      LastUpdateUser = #{lastupdateuser,jdbcType=VARCHAR},
      LastUpdateTime = #{lastupdatetime,jdbcType=TIMESTAMP}
    where ID = #{id,jdbcType=INTEGER}
  </update>
</mapper>