<?xml version="1.0" encoding="UTF-8" ?>
<!DOCTYPE mapper PUBLIC "-//mybatis.org//DTD Mapper 3.0//EN" "http://mybatis.org/dtd/mybatis-3-mapper.dtd" >
<mapper namespace="com.modules.bkunderlyinginfo.dao.BkunderlyinginfoModelMapper" >
  <resultMap id="BaseResultMap" type="com.modules.bkunderlyinginfo.model.BkunderlyinginfoModel" >
    <id column="ID" property="id" jdbcType="INTEGER" />
    <result column="TradeID" property="tradeid" jdbcType="VARCHAR" />
    <result column="Underlying" property="underlying" jdbcType="VARCHAR" />
    <result column="Weight" property="weight" jdbcType="DECIMAL" />
    <result column="UnderlyingCcy" property="underlyingccy" jdbcType="VARCHAR" />
    <result column="ExchangeCode" property="exchangecode" jdbcType="VARCHAR" />
    <result column="InitialFixing" property="initialfixing" jdbcType="DECIMAL" />
    <result column="OverrideFixing" property="overridefixing" jdbcType="DECIMAL" />
    <result column="LastUpdateUser" property="lastupdateuser" jdbcType="VARCHAR" />
    <result column="LastUpdateTime" property="lastupdatetime" jdbcType="TIMESTAMP" />
  </resultMap>
  <sql id="Example_Where_Clause" >
    <where >
      <foreach collection="oredCriteria" item="criteria" separator="or" >
        <if test="criteria.valid" >
          <trim prefix="(" suffix=")" prefixOverrides="and" >
            <foreach collection="criteria.criteria" item="criterion" >
              <choose >
                <when test="criterion.noValue" >
                  and ${criterion.condition}
                </when>
                <when test="criterion.singleValue" >
                  and ${criterion.condition} #{criterion.value}
                </when>
                <when test="criterion.betweenValue" >
                  and ${criterion.condition} #{criterion.value} and #{criterion.secondValue}
                </when>
                <when test="criterion.listValue" >
                  and ${criterion.condition}
                  <foreach collection="criterion.value" item="listItem" open="(" close=")" separator="," >
                    #{listItem}
                  </foreach>
                </when>
              </choose>
            </foreach>
          </trim>
        </if>
      </foreach>
    </where>
  </sql>
  <sql id="Update_By_Example_Where_Clause" >
    <where >
      <foreach collection="example.oredCriteria" item="criteria" separator="or" >
        <if test="criteria.valid" >
          <trim prefix="(" suffix=")" prefixOverrides="and" >
            <foreach collection="criteria.criteria" item="criterion" >
              <choose >
                <when test="criterion.noValue" >
                  and ${criterion.condition}
                </when>
                <when test="criterion.singleValue" >
                  and ${criterion.condition} #{criterion.value}
                </when>
                <when test="criterion.betweenValue" >
                  and ${criterion.condition} #{criterion.value} and #{criterion.secondValue}
                </when>
                <when test="criterion.listValue" >
                  and ${criterion.condition}
                  <foreach collection="criterion.value" item="listItem" open="(" close=")" separator="," >
                    #{listItem}
                  </foreach>
                </when>
              </choose>
            </foreach>
          </trim>
        </if>
      </foreach>
    </where>
  </sql>
  <sql id="Base_Column_List" >
    ID, TradeID, Underlying, Weight, UnderlyingCcy, ExchangeCode, InitialFixing, OverrideFixing, 
    LastUpdateUser, LastUpdateTime
  </sql>
  <select id="selectByExample" resultMap="BaseResultMap" parameterType="com.modules.bkunderlyinginfo.model.BkunderlyinginfoModelExample" >
    select
    <if test="distinct" >
      distinct
    </if>
    'false' as QUERYID,
    <include refid="Base_Column_List" />
    from bkunderlyinginfo
    <if test="_parameter != null" >
      <include refid="Example_Where_Clause" />
    </if>
    <if test="orderByClause != null" >
      order by ${orderByClause}
    </if>
  </select>
  <select id="selectByPrimaryKey" resultMap="BaseResultMap" parameterType="java.lang.Integer" >
    select 
    <include refid="Base_Column_List" />
    from bkunderlyinginfo
    where ID = #{id,jdbcType=INTEGER}
  </select>
  <delete id="deleteByPrimaryKey" parameterType="java.lang.Integer" >
    delete from bkunderlyinginfo
    where ID = #{id,jdbcType=INTEGER}
  </delete>
  <delete id="deleteByExample" parameterType="com.modules.bkunderlyinginfo.model.BkunderlyinginfoModelExample" >
    delete from bkunderlyinginfo
    <if test="_parameter != null" >
      <include refid="Example_Where_Clause" />
    </if>
  </delete>
  <insert id="insert" parameterType="com.modules.bkunderlyinginfo.model.BkunderlyinginfoModel" >
    insert into bkunderlyinginfo (ID, TradeID, Underlying, 
      Weight, UnderlyingCcy, ExchangeCode, 
      InitialFixing, OverrideFixing, LastUpdateUser, 
      LastUpdateTime)
    values (#{id,jdbcType=INTEGER}, #{tradeid,jdbcType=VARCHAR}, #{underlying,jdbcType=VARCHAR}, 
      #{weight,jdbcType=DECIMAL}, #{underlyingccy,jdbcType=VARCHAR}, #{exchangecode,jdbcType=VARCHAR}, 
      #{initialfixing,jdbcType=DECIMAL}, #{overridefixing,jdbcType=DECIMAL}, #{lastupdateuser,jdbcType=VARCHAR}, 
      #{lastupdatetime,jdbcType=TIMESTAMP})
  </insert>
  <insert id="insertSelective" parameterType="com.modules.bkunderlyinginfo.model.BkunderlyinginfoModel" >
    insert into bkunderlyinginfo
    <trim prefix="(" suffix=")" suffixOverrides="," >
      <if test="id != null" >
        ID,
      </if>
      <if test="tradeid != null" >
        TradeID,
      </if>
      <if test="underlying != null" >
        Underlying,
      </if>
      <if test="weight != null" >
        Weight,
      </if>
      <if test="underlyingccy != null" >
        UnderlyingCcy,
      </if>
      <if test="exchangecode != null" >
        ExchangeCode,
      </if>
      <if test="initialfixing != null" >
        InitialFixing,
      </if>
      <if test="overridefixing != null" >
        OverrideFixing,
      </if>
      <if test="lastupdateuser != null" >
        LastUpdateUser,
      </if>
      <if test="lastupdatetime != null" >
        LastUpdateTime,
      </if>
    </trim>
    <trim prefix="values (" suffix=")" suffixOverrides="," >
      <if test="id != null" >
        #{id,jdbcType=INTEGER},
      </if>
      <if test="tradeid != null" >
        #{tradeid,jdbcType=VARCHAR},
      </if>
      <if test="underlying != null" >
        #{underlying,jdbcType=VARCHAR},
      </if>
      <if test="weight != null" >
        #{weight,jdbcType=DECIMAL},
      </if>
      <if test="underlyingccy != null" >
        #{underlyingccy,jdbcType=VARCHAR},
      </if>
      <if test="exchangecode != null" >
        #{exchangecode,jdbcType=VARCHAR},
      </if>
      <if test="initialfixing != null" >
        #{initialfixing,jdbcType=DECIMAL},
      </if>
      <if test="overridefixing != null" >
        #{overridefixing,jdbcType=DECIMAL},
      </if>
      <if test="lastupdateuser != null" >
        #{lastupdateuser,jdbcType=VARCHAR},
      </if>
      <if test="lastupdatetime != null" >
        #{lastupdatetime,jdbcType=TIMESTAMP},
      </if>
    </trim>
  </insert>
  <select id="countByExample" parameterType="com.modules.bkunderlyinginfo.model.BkunderlyinginfoModelExample" resultType="java.lang.Integer" >
    select count(*) from bkunderlyinginfo
    <if test="_parameter != null" >
      <include refid="Example_Where_Clause" />
    </if>
  </select>
  <update id="updateByExampleSelective" parameterType="map" >
    update bkunderlyinginfo
    <set >
      <if test="record.id != null" >
        ID = #{record.id,jdbcType=INTEGER},
      </if>
      <if test="record.tradeid != null" >
        TradeID = #{record.tradeid,jdbcType=VARCHAR},
      </if>
      <if test="record.underlying != null" >
        Underlying = #{record.underlying,jdbcType=VARCHAR},
      </if>
      <if test="record.weight != null" >
        Weight = #{record.weight,jdbcType=DECIMAL},
      </if>
      <if test="record.underlyingccy != null" >
        UnderlyingCcy = #{record.underlyingccy,jdbcType=VARCHAR},
      </if>
      <if test="record.exchangecode != null" >
        ExchangeCode = #{record.exchangecode,jdbcType=VARCHAR},
      </if>
      <if test="record.initialfixing != null" >
        InitialFixing = #{record.initialfixing,jdbcType=DECIMAL},
      </if>
      <if test="record.overridefixing != null" >
        OverrideFixing = #{record.overridefixing,jdbcType=DECIMAL},
      </if>
      <if test="record.lastupdateuser != null" >
        LastUpdateUser = #{record.lastupdateuser,jdbcType=VARCHAR},
      </if>
      <if test="record.lastupdatetime != null" >
        LastUpdateTime = #{record.lastupdatetime,jdbcType=TIMESTAMP},
      </if>
    </set>
    <if test="_parameter != null" >
      <include refid="Update_By_Example_Where_Clause" />
    </if>
  </update>
  <update id="updateByExample" parameterType="map" >
    update bkunderlyinginfo
    set ID = #{record.id,jdbcType=INTEGER},
      TradeID = #{record.tradeid,jdbcType=VARCHAR},
      Underlying = #{record.underlying,jdbcType=VARCHAR},
      Weight = #{record.weight,jdbcType=DECIMAL},
      UnderlyingCcy = #{record.underlyingccy,jdbcType=VARCHAR},
      ExchangeCode = #{record.exchangecode,jdbcType=VARCHAR},
      InitialFixing = #{record.initialfixing,jdbcType=DECIMAL},
      OverrideFixing = #{record.overridefixing,jdbcType=DECIMAL},
      LastUpdateUser = #{record.lastupdateuser,jdbcType=VARCHAR},
      LastUpdateTime = #{record.lastupdatetime,jdbcType=TIMESTAMP}
    <if test="_parameter != null" >
      <include refid="Update_By_Example_Where_Clause" />
    </if>
  </update>
  <update id="updateByPrimaryKeySelective" parameterType="com.modules.bkunderlyinginfo.model.BkunderlyinginfoModel" >
    update bkunderlyinginfo
    <set >
      <if test="tradeid != null" >
        TradeID = #{tradeid,jdbcType=VARCHAR},
      </if>
      <if test="underlying != null" >
        Underlying = #{underlying,jdbcType=VARCHAR},
      </if>
      <if test="weight != null" >
        Weight = #{weight,jdbcType=DECIMAL},
      </if>
      <if test="underlyingccy != null" >
        UnderlyingCcy = #{underlyingccy,jdbcType=VARCHAR},
      </if>
      <if test="exchangecode != null" >
        ExchangeCode = #{exchangecode,jdbcType=VARCHAR},
      </if>
      <if test="initialfixing != null" >
        InitialFixing = #{initialfixing,jdbcType=DECIMAL},
      </if>
      <if test="overridefixing != null" >
        OverrideFixing = #{overridefixing,jdbcType=DECIMAL},
      </if>
      <if test="lastupdateuser != null" >
        LastUpdateUser = #{lastupdateuser,jdbcType=VARCHAR},
      </if>
      <if test="lastupdatetime != null" >
        LastUpdateTime = #{lastupdatetime,jdbcType=TIMESTAMP},
      </if>
    </set>
    where ID = #{id,jdbcType=INTEGER}
  </update>
  <update id="updateByPrimaryKey" parameterType="com.modules.bkunderlyinginfo.model.BkunderlyinginfoModel" >
    update bkunderlyinginfo
    set TradeID = #{tradeid,jdbcType=VARCHAR},
      Underlying = #{underlying,jdbcType=VARCHAR},
      Weight = #{weight,jdbcType=DECIMAL},
      UnderlyingCcy = #{underlyingccy,jdbcType=VARCHAR},
      ExchangeCode = #{exchangecode,jdbcType=VARCHAR},
      InitialFixing = #{initialfixing,jdbcType=DECIMAL},
      OverrideFixing = #{overridefixing,jdbcType=DECIMAL},
      LastUpdateUser = #{lastupdateuser,jdbcType=VARCHAR},
      LastUpdateTime = #{lastupdatetime,jdbcType=TIMESTAMP}
    where ID = #{id,jdbcType=INTEGER}
  </update>
</mapper>