<?xml version="1.0" encoding="UTF-8" ?>
<!DOCTYPE mapper PUBLIC "-//mybatis.org//DTD Mapper 3.0//EN" "http://mybatis.org/dtd/mybatis-3-mapper.dtd" >
<mapper namespace="com.modules.marktomkt.dao.MarktomktModelMapper" >
  <resultMap id="BaseResultMap" type="com.modules.marktomkt.model.MarktomktModel" >
    <id column="ID" property="id" jdbcType="INTEGER" />
    <result column="TradeID" property="tradeid" jdbcType="VARCHAR" />
    <result column="Date" property="date" jdbcType="DATE" />
    <result column="ClientID" property="clientid" jdbcType="VARCHAR" />
    <result column="SettleCcy" property="settleccy" jdbcType="VARCHAR" />
    <result column="Position" property="position" jdbcType="DECIMAL" />
    <result column="PVN" property="pvn" jdbcType="DECIMAL" />
    <result column="DeltaN" property="deltan" jdbcType="DECIMAL" />
    <result column="MarginN" property="marginn" jdbcType="DECIMAL" />
    <result column="LastUpdateUser" property="lastupdateuser" jdbcType="VARCHAR" />
    <result column="LastUpdateTime" property="lastupdatetime" jdbcType="TIMESTAMP" />
  </resultMap>
  <sql id="Example_Where_Clause" >
    <where >
      <foreach collection="oredCriteria" item="criteria" separator="or" >
        <if test="criteria.valid" >
          <trim prefix="(" suffix=")" prefixOverrides="and" >
            <foreach collection="criteria.criteria" item="criterion" >
              <choose >
                <when test="criterion.noValue" >
                  and ${criterion.condition}
                </when>
                <when test="criterion.singleValue" >
                  and ${criterion.condition} #{criterion.value}
                </when>
                <when test="criterion.betweenValue" >
                  and ${criterion.condition} #{criterion.value} and #{criterion.secondValue}
                </when>
                <when test="criterion.listValue" >
                  and ${criterion.condition}
                  <foreach collection="criterion.value" item="listItem" open="(" close=")" separator="," >
                    #{listItem}
                  </foreach>
                </when>
              </choose>
            </foreach>
          </trim>
        </if>
      </foreach>
    </where>
  </sql>
  <sql id="Update_By_Example_Where_Clause" >
    <where >
      <foreach collection="example.oredCriteria" item="criteria" separator="or" >
        <if test="criteria.valid" >
          <trim prefix="(" suffix=")" prefixOverrides="and" >
            <foreach collection="criteria.criteria" item="criterion" >
              <choose >
                <when test="criterion.noValue" >
                  and ${criterion.condition}
                </when>
                <when test="criterion.singleValue" >
                  and ${criterion.condition} #{criterion.value}
                </when>
                <when test="criterion.betweenValue" >
                  and ${criterion.condition} #{criterion.value} and #{criterion.secondValue}
                </when>
                <when test="criterion.listValue" >
                  and ${criterion.condition}
                  <foreach collection="criterion.value" item="listItem" open="(" close=")" separator="," >
                    #{listItem}
                  </foreach>
                </when>
              </choose>
            </foreach>
          </trim>
        </if>
      </foreach>
    </where>
  </sql>
  <sql id="Base_Column_List" >
    ID, TradeID, Date, ClientID, SettleCcy, Position, PVN, DeltaN, MarginN, LastUpdateUser, 
    LastUpdateTime
  </sql>
  <select id="selectByExample" resultMap="BaseResultMap" parameterType="com.modules.marktomkt.model.MarktomktModelExample" >
    select
    <if test="distinct" >
      distinct
    </if>
    'false' as QUERYID,
    <include refid="Base_Column_List" />
    from marktomkt
    <if test="_parameter != null" >
      <include refid="Example_Where_Clause" />
    </if>
    <if test="orderByClause != null" >
      order by ${orderByClause}
    </if>
  </select>
  <select id="selectByPrimaryKey" resultMap="BaseResultMap" parameterType="java.lang.Integer" >
    select 
    <include refid="Base_Column_List" />
    from marktomkt
    where ID = #{id,jdbcType=INTEGER}
  </select>
  <delete id="deleteByPrimaryKey" parameterType="java.lang.Integer" >
    delete from marktomkt
    where ID = #{id,jdbcType=INTEGER}
  </delete>
  <delete id="deleteByExample" parameterType="com.modules.marktomkt.model.MarktomktModelExample" >
    delete from marktomkt
    <if test="_parameter != null" >
      <include refid="Example_Where_Clause" />
    </if>
  </delete>
  <insert id="insert" parameterType="com.modules.marktomkt.model.MarktomktModel" >
    insert into marktomkt (ID, TradeID, Date, 
      ClientID, SettleCcy, Position, 
      PVN, DeltaN, MarginN, 
      LastUpdateUser, LastUpdateTime)
    values (#{id,jdbcType=INTEGER}, #{tradeid,jdbcType=VARCHAR}, #{date,jdbcType=DATE}, 
      #{clientid,jdbcType=VARCHAR}, #{settleccy,jdbcType=VARCHAR}, #{position,jdbcType=DECIMAL}, 
      #{pvn,jdbcType=DECIMAL}, #{deltan,jdbcType=DECIMAL}, #{marginn,jdbcType=DECIMAL}, 
      #{lastupdateuser,jdbcType=VARCHAR}, #{lastupdatetime,jdbcType=TIMESTAMP})
  </insert>
  <insert id="insertSelective" parameterType="com.modules.marktomkt.model.MarktomktModel" >
    insert into marktomkt
    <trim prefix="(" suffix=")" suffixOverrides="," >
      <if test="id != null" >
        ID,
      </if>
      <if test="tradeid != null" >
        TradeID,
      </if>
      <if test="date != null" >
        Date,
      </if>
      <if test="clientid != null" >
        ClientID,
      </if>
      <if test="settleccy != null" >
        SettleCcy,
      </if>
      <if test="position != null" >
        Position,
      </if>
      <if test="pvn != null" >
        PVN,
      </if>
      <if test="deltan != null" >
        DeltaN,
      </if>
      <if test="marginn != null" >
        MarginN,
      </if>
      <if test="lastupdateuser != null" >
        LastUpdateUser,
      </if>
      <if test="lastupdatetime != null" >
        LastUpdateTime,
      </if>
    </trim>
    <trim prefix="values (" suffix=")" suffixOverrides="," >
      <if test="id != null" >
        #{id,jdbcType=INTEGER},
      </if>
      <if test="tradeid != null" >
        #{tradeid,jdbcType=VARCHAR},
      </if>
      <if test="date != null" >
        #{date,jdbcType=DATE},
      </if>
      <if test="clientid != null" >
        #{clientid,jdbcType=VARCHAR},
      </if>
      <if test="settleccy != null" >
        #{settleccy,jdbcType=VARCHAR},
      </if>
      <if test="position != null" >
        #{position,jdbcType=DECIMAL},
      </if>
      <if test="pvn != null" >
        #{pvn,jdbcType=DECIMAL},
      </if>
      <if test="deltan != null" >
        #{deltan,jdbcType=DECIMAL},
      </if>
      <if test="marginn != null" >
        #{marginn,jdbcType=DECIMAL},
      </if>
      <if test="lastupdateuser != null" >
        #{lastupdateuser,jdbcType=VARCHAR},
      </if>
      <if test="lastupdatetime != null" >
        #{lastupdatetime,jdbcType=TIMESTAMP},
      </if>
    </trim>
  </insert>
  <select id="countByExample" parameterType="com.modules.marktomkt.model.MarktomktModelExample" resultType="java.lang.Integer" >
    select count(*) from marktomkt
    <if test="_parameter != null" >
      <include refid="Example_Where_Clause" />
    </if>
  </select>
  <update id="updateByExampleSelective" parameterType="map" >
    update marktomkt
    <set >
      <if test="record.id != null" >
        ID = #{record.id,jdbcType=INTEGER},
      </if>
      <if test="record.tradeid != null" >
        TradeID = #{record.tradeid,jdbcType=VARCHAR},
      </if>
      <if test="record.date != null" >
        Date = #{record.date,jdbcType=DATE},
      </if>
      <if test="record.clientid != null" >
        ClientID = #{record.clientid,jdbcType=VARCHAR},
      </if>
      <if test="record.settleccy != null" >
        SettleCcy = #{record.settleccy,jdbcType=VARCHAR},
      </if>
      <if test="record.position != null" >
        Position = #{record.position,jdbcType=DECIMAL},
      </if>
      <if test="record.pvn != null" >
        PVN = #{record.pvn,jdbcType=DECIMAL},
      </if>
      <if test="record.deltan != null" >
        DeltaN = #{record.deltan,jdbcType=DECIMAL},
      </if>
      <if test="record.marginn != null" >
        MarginN = #{record.marginn,jdbcType=DECIMAL},
      </if>
      <if test="record.lastupdateuser != null" >
        LastUpdateUser = #{record.lastupdateuser,jdbcType=VARCHAR},
      </if>
      <if test="record.lastupdatetime != null" >
        LastUpdateTime = #{record.lastupdatetime,jdbcType=TIMESTAMP},
      </if>
    </set>
    <if test="_parameter != null" >
      <include refid="Update_By_Example_Where_Clause" />
    </if>
  </update>
  <update id="updateByExample" parameterType="map" >
    update marktomkt
    set ID = #{record.id,jdbcType=INTEGER},
      TradeID = #{record.tradeid,jdbcType=VARCHAR},
      Date = #{record.date,jdbcType=DATE},
      ClientID = #{record.clientid,jdbcType=VARCHAR},
      SettleCcy = #{record.settleccy,jdbcType=VARCHAR},
      Position = #{record.position,jdbcType=DECIMAL},
      PVN = #{record.pvn,jdbcType=DECIMAL},
      DeltaN = #{record.deltan,jdbcType=DECIMAL},
      MarginN = #{record.marginn,jdbcType=DECIMAL},
      LastUpdateUser = #{record.lastupdateuser,jdbcType=VARCHAR},
      LastUpdateTime = #{record.lastupdatetime,jdbcType=TIMESTAMP}
    <if test="_parameter != null" >
      <include refid="Update_By_Example_Where_Clause" />
    </if>
  </update>
  <update id="updateByPrimaryKeySelective" parameterType="com.modules.marktomkt.model.MarktomktModel" >
    update marktomkt
    <set >
      <if test="tradeid != null" >
        TradeID = #{tradeid,jdbcType=VARCHAR},
      </if>
      <if test="date != null" >
        Date = #{date,jdbcType=DATE},
      </if>
      <if test="clientid != null" >
        ClientID = #{clientid,jdbcType=VARCHAR},
      </if>
      <if test="settleccy != null" >
        SettleCcy = #{settleccy,jdbcType=VARCHAR},
      </if>
      <if test="position != null" >
        Position = #{position,jdbcType=DECIMAL},
      </if>
      <if test="pvn != null" >
        PVN = #{pvn,jdbcType=DECIMAL},
      </if>
      <if test="deltan != null" >
        DeltaN = #{deltan,jdbcType=DECIMAL},
      </if>
      <if test="marginn != null" >
        MarginN = #{marginn,jdbcType=DECIMAL},
      </if>
      <if test="lastupdateuser != null" >
        LastUpdateUser = #{lastupdateuser,jdbcType=VARCHAR},
      </if>
      <if test="lastupdatetime != null" >
        LastUpdateTime = #{lastupdatetime,jdbcType=TIMESTAMP},
      </if>
    </set>
    where ID = #{id,jdbcType=INTEGER}
  </update>
  <update id="updateByPrimaryKey" parameterType="com.modules.marktomkt.model.MarktomktModel" >
    update marktomkt
    set TradeID = #{tradeid,jdbcType=VARCHAR},
      Date = #{date,jdbcType=DATE},
      ClientID = #{clientid,jdbcType=VARCHAR},
      SettleCcy = #{settleccy,jdbcType=VARCHAR},
      Position = #{position,jdbcType=DECIMAL},
      PVN = #{pvn,jdbcType=DECIMAL},
      DeltaN = #{deltan,jdbcType=DECIMAL},
      MarginN = #{marginn,jdbcType=DECIMAL},
      LastUpdateUser = #{lastupdateuser,jdbcType=VARCHAR},
      LastUpdateTime = #{lastupdatetime,jdbcType=TIMESTAMP}
    where ID = #{id,jdbcType=INTEGER}
  </update>
</mapper>