<?xml version="1.0" encoding="UTF-8" ?>
<!DOCTYPE mapper PUBLIC "-//mybatis.org//DTD Mapper 3.0//EN" "http://mybatis.org/dtd/mybatis-3-mapper.dtd" >
<mapper namespace="com.modules.bondbkinfo.dao.BondbkinfoModelMapper" >
  <resultMap id="BaseResultMap" type="com.modules.bondbkinfo.model.BondbkinfoModel" >
    <id column="ID" property="id" jdbcType="INTEGER" />
    <result column="TradeID" property="tradeid" jdbcType="VARCHAR" />
    <result column="Coupon" property="coupon" jdbcType="DECIMAL" />
    <result column="ValueMethod" property="valuemethod" jdbcType="INTEGER" />
    <result column="LastUpdateUser" property="lastupdateuser" jdbcType="VARCHAR" />
    <result column="LastUpdateTime" property="lastupdatetime" jdbcType="TIMESTAMP" />
  </resultMap>
  <sql id="Example_Where_Clause" >
    <where >
      <foreach collection="oredCriteria" item="criteria" separator="or" >
        <if test="criteria.valid" >
          <trim prefix="(" suffix=")" prefixOverrides="and" >
            <foreach collection="criteria.criteria" item="criterion" >
              <choose >
                <when test="criterion.noValue" >
                  and ${criterion.condition}
                </when>
                <when test="criterion.singleValue" >
                  and ${criterion.condition} #{criterion.value}
                </when>
                <when test="criterion.betweenValue" >
                  and ${criterion.condition} #{criterion.value} and #{criterion.secondValue}
                </when>
                <when test="criterion.listValue" >
                  and ${criterion.condition}
                  <foreach collection="criterion.value" item="listItem" open="(" close=")" separator="," >
                    #{listItem}
                  </foreach>
                </when>
              </choose>
            </foreach>
          </trim>
        </if>
      </foreach>
    </where>
  </sql>
  <sql id="Update_By_Example_Where_Clause" >
    <where >
      <foreach collection="example.oredCriteria" item="criteria" separator="or" >
        <if test="criteria.valid" >
          <trim prefix="(" suffix=")" prefixOverrides="and" >
            <foreach collection="criteria.criteria" item="criterion" >
              <choose >
                <when test="criterion.noValue" >
                  and ${criterion.condition}
                </when>
                <when test="criterion.singleValue" >
                  and ${criterion.condition} #{criterion.value}
                </when>
                <when test="criterion.betweenValue" >
                  and ${criterion.condition} #{criterion.value} and #{criterion.secondValue}
                </when>
                <when test="criterion.listValue" >
                  and ${criterion.condition}
                  <foreach collection="criterion.value" item="listItem" open="(" close=")" separator="," >
                    #{listItem}
                  </foreach>
                </when>
              </choose>
            </foreach>
          </trim>
        </if>
      </foreach>
    </where>
  </sql>
  <sql id="Base_Column_List" >
    ID, TradeID, Coupon, ValueMethod, LastUpdateUser, LastUpdateTime
  </sql>
  <select id="selectByExample" resultMap="BaseResultMap" parameterType="com.modules.bondbkinfo.model.BondbkinfoModelExample" >
    select
    <if test="distinct" >
      distinct
    </if>
    'false' as QUERYID,
    <include refid="Base_Column_List" />
    from bondbkinfo
    <if test="_parameter != null" >
      <include refid="Example_Where_Clause" />
    </if>
    <if test="orderByClause != null" >
      order by ${orderByClause}
    </if>
  </select>
  <select id="selectByPrimaryKey" resultMap="BaseResultMap" parameterType="java.lang.Integer" >
    select 
    <include refid="Base_Column_List" />
    from bondbkinfo
    where ID = #{id,jdbcType=INTEGER}
  </select>
  <delete id="deleteByPrimaryKey" parameterType="java.lang.Integer" >
    delete from bondbkinfo
    where ID = #{id,jdbcType=INTEGER}
  </delete>
  <delete id="deleteByExample" parameterType="com.modules.bondbkinfo.model.BondbkinfoModelExample" >
    delete from bondbkinfo
    <if test="_parameter != null" >
      <include refid="Example_Where_Clause" />
    </if>
  </delete>
  <insert id="insert" parameterType="com.modules.bondbkinfo.model.BondbkinfoModel" >
    insert into bondbkinfo (ID, TradeID, Coupon, 
      ValueMethod, LastUpdateUser, LastUpdateTime
      )
    values (#{id,jdbcType=INTEGER}, #{tradeid,jdbcType=VARCHAR}, #{coupon,jdbcType=DECIMAL}, 
      #{valuemethod,jdbcType=INTEGER}, #{lastupdateuser,jdbcType=VARCHAR}, #{lastupdatetime,jdbcType=TIMESTAMP}
      )
  </insert>
  <insert id="insertSelective" parameterType="com.modules.bondbkinfo.model.BondbkinfoModel" >
    insert into bondbkinfo
    <trim prefix="(" suffix=")" suffixOverrides="," >
      <if test="id != null" >
        ID,
      </if>
      <if test="tradeid != null" >
        TradeID,
      </if>
      <if test="coupon != null" >
        Coupon,
      </if>
      <if test="valuemethod != null" >
        ValueMethod,
      </if>
      <if test="lastupdateuser != null" >
        LastUpdateUser,
      </if>
      <if test="lastupdatetime != null" >
        LastUpdateTime,
      </if>
    </trim>
    <trim prefix="values (" suffix=")" suffixOverrides="," >
      <if test="id != null" >
        #{id,jdbcType=INTEGER},
      </if>
      <if test="tradeid != null" >
        #{tradeid,jdbcType=VARCHAR},
      </if>
      <if test="coupon != null" >
        #{coupon,jdbcType=DECIMAL},
      </if>
      <if test="valuemethod != null" >
        #{valuemethod,jdbcType=INTEGER},
      </if>
      <if test="lastupdateuser != null" >
        #{lastupdateuser,jdbcType=VARCHAR},
      </if>
      <if test="lastupdatetime != null" >
        #{lastupdatetime,jdbcType=TIMESTAMP},
      </if>
    </trim>
  </insert>
  <select id="countByExample" parameterType="com.modules.bondbkinfo.model.BondbkinfoModelExample" resultType="java.lang.Integer" >
    select count(*) from bondbkinfo
    <if test="_parameter != null" >
      <include refid="Example_Where_Clause" />
    </if>
  </select>
  <update id="updateByExampleSelective" parameterType="map" >
    update bondbkinfo
    <set >
      <if test="record.id != null" >
        ID = #{record.id,jdbcType=INTEGER},
      </if>
      <if test="record.tradeid != null" >
        TradeID = #{record.tradeid,jdbcType=VARCHAR},
      </if>
      <if test="record.coupon != null" >
        Coupon = #{record.coupon,jdbcType=DECIMAL},
      </if>
      <if test="record.valuemethod != null" >
        ValueMethod = #{record.valuemethod,jdbcType=INTEGER},
      </if>
      <if test="record.lastupdateuser != null" >
        LastUpdateUser = #{record.lastupdateuser,jdbcType=VARCHAR},
      </if>
      <if test="record.lastupdatetime != null" >
        LastUpdateTime = #{record.lastupdatetime,jdbcType=TIMESTAMP},
      </if>
    </set>
    <if test="_parameter != null" >
      <include refid="Update_By_Example_Where_Clause" />
    </if>
  </update>
  <update id="updateByExample" parameterType="map" >
    update bondbkinfo
    set ID = #{record.id,jdbcType=INTEGER},
      TradeID = #{record.tradeid,jdbcType=VARCHAR},
      Coupon = #{record.coupon,jdbcType=DECIMAL},
      ValueMethod = #{record.valuemethod,jdbcType=INTEGER},
      LastUpdateUser = #{record.lastupdateuser,jdbcType=VARCHAR},
      LastUpdateTime = #{record.lastupdatetime,jdbcType=TIMESTAMP}
    <if test="_parameter != null" >
      <include refid="Update_By_Example_Where_Clause" />
    </if>
  </update>
  <update id="updateByPrimaryKeySelective" parameterType="com.modules.bondbkinfo.model.BondbkinfoModel" >
    update bondbkinfo
    <set >
      <if test="tradeid != null" >
        TradeID = #{tradeid,jdbcType=VARCHAR},
      </if>
      <if test="coupon != null" >
        Coupon = #{coupon,jdbcType=DECIMAL},
      </if>
      <if test="valuemethod != null" >
        ValueMethod = #{valuemethod,jdbcType=INTEGER},
      </if>
      <if test="lastupdateuser != null" >
        LastUpdateUser = #{lastupdateuser,jdbcType=VARCHAR},
      </if>
      <if test="lastupdatetime != null" >
        LastUpdateTime = #{lastupdatetime,jdbcType=TIMESTAMP},
      </if>
    </set>
    where ID = #{id,jdbcType=INTEGER}
  </update>
  <update id="updateByPrimaryKey" parameterType="com.modules.bondbkinfo.model.BondbkinfoModel" >
    update bondbkinfo
    set TradeID = #{tradeid,jdbcType=VARCHAR},
      Coupon = #{coupon,jdbcType=DECIMAL},
      ValueMethod = #{valuemethod,jdbcType=INTEGER},
      LastUpdateUser = #{lastupdateuser,jdbcType=VARCHAR},
      LastUpdateTime = #{lastupdatetime,jdbcType=TIMESTAMP}
    where ID = #{id,jdbcType=INTEGER}
  </update>
</mapper>