<?xml version="1.0" encoding="UTF-8" ?>
<!DOCTYPE mapper PUBLIC "-//mybatis.org//DTD Mapper 3.0//EN" "http://mybatis.org/dtd/mybatis-3-mapper.dtd" >
<mapper namespace="com.modules.dividend.dao.DividendModelMapper" >
  <resultMap id="BaseResultMap" type="com.modules.dividend.model.DividendModel" >
    <id column="ID" property="id" jdbcType="INTEGER" />
    <result column="Underlying" property="underlying" jdbcType="VARCHAR" />
    <result column="Parameter" property="parameter" jdbcType="INTEGER" />
    <result column="Family" property="family" jdbcType="INTEGER" />
    <result column="Currency" property="currency" jdbcType="VARCHAR" />
    <result column="DivExDate" property="divexdate" jdbcType="DATE" />
    <result column="DivPaymentDate" property="divpaymentdate" jdbcType="DATE" />
    <result column="DivAmount" property="divamount" jdbcType="DECIMAL" />
    <result column="DivYield" property="divyield" jdbcType="DECIMAL" />
    <result column="DivCcy" property="divccy" jdbcType="VARCHAR" />
    <result column="LastUpdateUser" property="lastupdateuser" jdbcType="VARCHAR" />
    <result column="LastUpdateTime" property="lastupdatetime" jdbcType="TIMESTAMP" />
  </resultMap>
  <sql id="Example_Where_Clause" >
    <where >
      <foreach collection="oredCriteria" item="criteria" separator="or" >
        <if test="criteria.valid" >
          <trim prefix="(" suffix=")" prefixOverrides="and" >
            <foreach collection="criteria.criteria" item="criterion" >
              <choose >
                <when test="criterion.noValue" >
                  and ${criterion.condition}
                </when>
                <when test="criterion.singleValue" >
                  and ${criterion.condition} #{criterion.value}
                </when>
                <when test="criterion.betweenValue" >
                  and ${criterion.condition} #{criterion.value} and #{criterion.secondValue}
                </when>
                <when test="criterion.listValue" >
                  and ${criterion.condition}
                  <foreach collection="criterion.value" item="listItem" open="(" close=")" separator="," >
                    #{listItem}
                  </foreach>
                </when>
              </choose>
            </foreach>
          </trim>
        </if>
      </foreach>
    </where>
  </sql>
  <sql id="Update_By_Example_Where_Clause" >
    <where >
      <foreach collection="example.oredCriteria" item="criteria" separator="or" >
        <if test="criteria.valid" >
          <trim prefix="(" suffix=")" prefixOverrides="and" >
            <foreach collection="criteria.criteria" item="criterion" >
              <choose >
                <when test="criterion.noValue" >
                  and ${criterion.condition}
                </when>
                <when test="criterion.singleValue" >
                  and ${criterion.condition} #{criterion.value}
                </when>
                <when test="criterion.betweenValue" >
                  and ${criterion.condition} #{criterion.value} and #{criterion.secondValue}
                </when>
                <when test="criterion.listValue" >
                  and ${criterion.condition}
                  <foreach collection="criterion.value" item="listItem" open="(" close=")" separator="," >
                    #{listItem}
                  </foreach>
                </when>
              </choose>
            </foreach>
          </trim>
        </if>
      </foreach>
    </where>
  </sql>
  <sql id="Base_Column_List" >
    ID, Underlying, Parameter, Family, Currency, DivExDate, DivPaymentDate, DivAmount, 
    DivYield, DivCcy, LastUpdateUser, LastUpdateTime
  </sql>
  <select id="selectByExample" resultMap="BaseResultMap" parameterType="com.modules.dividend.model.DividendModelExample" >
    select
    <if test="distinct" >
      distinct
    </if>
    'false' as QUERYID,
    <include refid="Base_Column_List" />
    from dividend
    <if test="_parameter != null" >
      <include refid="Example_Where_Clause" />
    </if>
    <if test="orderByClause != null" >
      order by ${orderByClause}
    </if>
  </select>
  <select id="selectByPrimaryKey" resultMap="BaseResultMap" parameterType="java.lang.Integer" >
    select 
    <include refid="Base_Column_List" />
    from dividend
    where ID = #{id,jdbcType=INTEGER}
  </select>
  <delete id="deleteByPrimaryKey" parameterType="java.lang.Integer" >
    delete from dividend
    where ID = #{id,jdbcType=INTEGER}
  </delete>
  <delete id="deleteByExample" parameterType="com.modules.dividend.model.DividendModelExample" >
    delete from dividend
    <if test="_parameter != null" >
      <include refid="Example_Where_Clause" />
    </if>
  </delete>
  <insert id="insert" parameterType="com.modules.dividend.model.DividendModel" >
    insert into dividend (ID, Underlying, Parameter, 
      Family, Currency, DivExDate, 
      DivPaymentDate, DivAmount, DivYield, 
      DivCcy, LastUpdateUser, LastUpdateTime
      )
    values (#{id,jdbcType=INTEGER}, #{underlying,jdbcType=VARCHAR}, #{parameter,jdbcType=INTEGER}, 
      #{family,jdbcType=INTEGER}, #{currency,jdbcType=VARCHAR}, #{divexdate,jdbcType=DATE}, 
      #{divpaymentdate,jdbcType=DATE}, #{divamount,jdbcType=DECIMAL}, #{divyield,jdbcType=DECIMAL}, 
      #{divccy,jdbcType=VARCHAR}, #{lastupdateuser,jdbcType=VARCHAR}, #{lastupdatetime,jdbcType=TIMESTAMP}
      )
  </insert>
  <insert id="insertSelective" parameterType="com.modules.dividend.model.DividendModel" >
    insert into dividend
    <trim prefix="(" suffix=")" suffixOverrides="," >
      <if test="id != null" >
        ID,
      </if>
      <if test="underlying != null" >
        Underlying,
      </if>
      <if test="parameter != null" >
        Parameter,
      </if>
      <if test="family != null" >
        Family,
      </if>
      <if test="currency != null" >
        Currency,
      </if>
      <if test="divexdate != null" >
        DivExDate,
      </if>
      <if test="divpaymentdate != null" >
        DivPaymentDate,
      </if>
      <if test="divamount != null" >
        DivAmount,
      </if>
      <if test="divyield != null" >
        DivYield,
      </if>
      <if test="divccy != null" >
        DivCcy,
      </if>
      <if test="lastupdateuser != null" >
        LastUpdateUser,
      </if>
      <if test="lastupdatetime != null" >
        LastUpdateTime,
      </if>
    </trim>
    <trim prefix="values (" suffix=")" suffixOverrides="," >
      <if test="id != null" >
        #{id,jdbcType=INTEGER},
      </if>
      <if test="underlying != null" >
        #{underlying,jdbcType=VARCHAR},
      </if>
      <if test="parameter != null" >
        #{parameter,jdbcType=INTEGER},
      </if>
      <if test="family != null" >
        #{family,jdbcType=INTEGER},
      </if>
      <if test="currency != null" >
        #{currency,jdbcType=VARCHAR},
      </if>
      <if test="divexdate != null" >
        #{divexdate,jdbcType=DATE},
      </if>
      <if test="divpaymentdate != null" >
        #{divpaymentdate,jdbcType=DATE},
      </if>
      <if test="divamount != null" >
        #{divamount,jdbcType=DECIMAL},
      </if>
      <if test="divyield != null" >
        #{divyield,jdbcType=DECIMAL},
      </if>
      <if test="divccy != null" >
        #{divccy,jdbcType=VARCHAR},
      </if>
      <if test="lastupdateuser != null" >
        #{lastupdateuser,jdbcType=VARCHAR},
      </if>
      <if test="lastupdatetime != null" >
        #{lastupdatetime,jdbcType=TIMESTAMP},
      </if>
    </trim>
  </insert>
  <select id="countByExample" parameterType="com.modules.dividend.model.DividendModelExample" resultType="java.lang.Integer" >
    select count(*) from dividend
    <if test="_parameter != null" >
      <include refid="Example_Where_Clause" />
    </if>
  </select>
  <update id="updateByExampleSelective" parameterType="map" >
    update dividend
    <set >
      <if test="record.id != null" >
        ID = #{record.id,jdbcType=INTEGER},
      </if>
      <if test="record.underlying != null" >
        Underlying = #{record.underlying,jdbcType=VARCHAR},
      </if>
      <if test="record.parameter != null" >
        Parameter = #{record.parameter,jdbcType=INTEGER},
      </if>
      <if test="record.family != null" >
        Family = #{record.family,jdbcType=INTEGER},
      </if>
      <if test="record.currency != null" >
        Currency = #{record.currency,jdbcType=VARCHAR},
      </if>
      <if test="record.divexdate != null" >
        DivExDate = #{record.divexdate,jdbcType=DATE},
      </if>
      <if test="record.divpaymentdate != null" >
        DivPaymentDate = #{record.divpaymentdate,jdbcType=DATE},
      </if>
      <if test="record.divamount != null" >
        DivAmount = #{record.divamount,jdbcType=DECIMAL},
      </if>
      <if test="record.divyield != null" >
        DivYield = #{record.divyield,jdbcType=DECIMAL},
      </if>
      <if test="record.divccy != null" >
        DivCcy = #{record.divccy,jdbcType=VARCHAR},
      </if>
      <if test="record.lastupdateuser != null" >
        LastUpdateUser = #{record.lastupdateuser,jdbcType=VARCHAR},
      </if>
      <if test="record.lastupdatetime != null" >
        LastUpdateTime = #{record.lastupdatetime,jdbcType=TIMESTAMP},
      </if>
    </set>
    <if test="_parameter != null" >
      <include refid="Update_By_Example_Where_Clause" />
    </if>
  </update>
  <update id="updateByExample" parameterType="map" >
    update dividend
    set ID = #{record.id,jdbcType=INTEGER},
      Underlying = #{record.underlying,jdbcType=VARCHAR},
      Parameter = #{record.parameter,jdbcType=INTEGER},
      Family = #{record.family,jdbcType=INTEGER},
      Currency = #{record.currency,jdbcType=VARCHAR},
      DivExDate = #{record.divexdate,jdbcType=DATE},
      DivPaymentDate = #{record.divpaymentdate,jdbcType=DATE},
      DivAmount = #{record.divamount,jdbcType=DECIMAL},
      DivYield = #{record.divyield,jdbcType=DECIMAL},
      DivCcy = #{record.divccy,jdbcType=VARCHAR},
      LastUpdateUser = #{record.lastupdateuser,jdbcType=VARCHAR},
      LastUpdateTime = #{record.lastupdatetime,jdbcType=TIMESTAMP}
    <if test="_parameter != null" >
      <include refid="Update_By_Example_Where_Clause" />
    </if>
  </update>
  <update id="updateByPrimaryKeySelective" parameterType="com.modules.dividend.model.DividendModel" >
    update dividend
    <set >
      <if test="underlying != null" >
        Underlying = #{underlying,jdbcType=VARCHAR},
      </if>
      <if test="parameter != null" >
        Parameter = #{parameter,jdbcType=INTEGER},
      </if>
      <if test="family != null" >
        Family = #{family,jdbcType=INTEGER},
      </if>
      <if test="currency != null" >
        Currency = #{currency,jdbcType=VARCHAR},
      </if>
      <if test="divexdate != null" >
        DivExDate = #{divexdate,jdbcType=DATE},
      </if>
      <if test="divpaymentdate != null" >
        DivPaymentDate = #{divpaymentdate,jdbcType=DATE},
      </if>
      <if test="divamount != null" >
        DivAmount = #{divamount,jdbcType=DECIMAL},
      </if>
      <if test="divyield != null" >
        DivYield = #{divyield,jdbcType=DECIMAL},
      </if>
      <if test="divccy != null" >
        DivCcy = #{divccy,jdbcType=VARCHAR},
      </if>
      <if test="lastupdateuser != null" >
        LastUpdateUser = #{lastupdateuser,jdbcType=VARCHAR},
      </if>
      <if test="lastupdatetime != null" >
        LastUpdateTime = #{lastupdatetime,jdbcType=TIMESTAMP},
      </if>
    </set>
    where ID = #{id,jdbcType=INTEGER}
  </update>
  <update id="updateByPrimaryKey" parameterType="com.modules.dividend.model.DividendModel" >
    update dividend
    set Underlying = #{underlying,jdbcType=VARCHAR},
      Parameter = #{parameter,jdbcType=INTEGER},
      Family = #{family,jdbcType=INTEGER},
      Currency = #{currency,jdbcType=VARCHAR},
      DivExDate = #{divexdate,jdbcType=DATE},
      DivPaymentDate = #{divpaymentdate,jdbcType=DATE},
      DivAmount = #{divamount,jdbcType=DECIMAL},
      DivYield = #{divyield,jdbcType=DECIMAL},
      DivCcy = #{divccy,jdbcType=VARCHAR},
      LastUpdateUser = #{lastupdateuser,jdbcType=VARCHAR},
      LastUpdateTime = #{lastupdatetime,jdbcType=TIMESTAMP}
    where ID = #{id,jdbcType=INTEGER}
  </update>
</mapper>