<?xml version="1.0" encoding="UTF-8" ?>
<!DOCTYPE mapper PUBLIC "-//mybatis.org//DTD Mapper 3.0//EN" "http://mybatis.org/dtd/mybatis-3-mapper.dtd" >
<mapper namespace="com.modules.barrieroptbkinfo.dao.BarrieroptbkinfoModelMapper" >
  <resultMap id="BaseResultMap" type="com.modules.barrieroptbkinfo.model.BarrieroptbkinfoModel" >
    <id column="ID" property="id" jdbcType="INTEGER" />
    <result column="TradeID" property="tradeid" jdbcType="VARCHAR" />
    <result column="ObsFreq" property="obsfreq" jdbcType="INTEGER" />
    <result column="UpBarrier" property="upbarrier" jdbcType="DECIMAL" />
    <result column="DownBarrier" property="downbarrier" jdbcType="DECIMAL" />
    <result column="RiskUpBarrier" property="riskupbarrier" jdbcType="DECIMAL" />
    <result column="RiskDownBarrier" property="riskdownbarrier" jdbcType="DECIMAL" />
    <result column="UpSmoothWidth" property="upsmoothwidth" jdbcType="DECIMAL" />
    <result column="DownSmoothWidth" property="downsmoothwidth" jdbcType="DECIMAL" />
    <result column="UpInOrOut" property="upinorout" jdbcType="INTEGER" />
    <result column="DownInOrOut" property="downinorout" jdbcType="INTEGER" />
    <result column="UpRebate" property="uprebate" jdbcType="DECIMAL" />
    <result column="DownRebate" property="downrebate" jdbcType="DECIMAL" />
    <result column="RebatePaytime" property="rebatepaytime" jdbcType="INTEGER" />
    <result column="RebatePayDelay" property="rebatepaydelay" jdbcType="INTEGER" />
    <result column="LastUpdateUser" property="lastupdateuser" jdbcType="VARCHAR" />
    <result column="LastUpdateTime" property="lastupdatetime" jdbcType="TIMESTAMP" />
    <result column="MaturityPrincipal" property="maturityprincipal" jdbcType="DECIMAL" />
  </resultMap>
  <resultMap id="ResultMapWithBLOBs" type="com.modules.barrieroptbkinfo.model.BarrieroptbkinfoModel" extends="BaseResultMap" >
    <result column="OptPortfolio" property="optportfolio" jdbcType="LONGVARCHAR" />
  </resultMap>
  <sql id="Example_Where_Clause" >
    <where >
      <foreach collection="oredCriteria" item="criteria" separator="or" >
        <if test="criteria.valid" >
          <trim prefix="(" suffix=")" prefixOverrides="and" >
            <foreach collection="criteria.criteria" item="criterion" >
              <choose >
                <when test="criterion.noValue" >
                  and ${criterion.condition}
                </when>
                <when test="criterion.singleValue" >
                  and ${criterion.condition} #{criterion.value}
                </when>
                <when test="criterion.betweenValue" >
                  and ${criterion.condition} #{criterion.value} and #{criterion.secondValue}
                </when>
                <when test="criterion.listValue" >
                  and ${criterion.condition}
                  <foreach collection="criterion.value" item="listItem" open="(" close=")" separator="," >
                    #{listItem}
                  </foreach>
                </when>
              </choose>
            </foreach>
          </trim>
        </if>
      </foreach>
    </where>
  </sql>
  <sql id="Update_By_Example_Where_Clause" >
    <where >
      <foreach collection="example.oredCriteria" item="criteria" separator="or" >
        <if test="criteria.valid" >
          <trim prefix="(" suffix=")" prefixOverrides="and" >
            <foreach collection="criteria.criteria" item="criterion" >
              <choose >
                <when test="criterion.noValue" >
                  and ${criterion.condition}
                </when>
                <when test="criterion.singleValue" >
                  and ${criterion.condition} #{criterion.value}
                </when>
                <when test="criterion.betweenValue" >
                  and ${criterion.condition} #{criterion.value} and #{criterion.secondValue}
                </when>
                <when test="criterion.listValue" >
                  and ${criterion.condition}
                  <foreach collection="criterion.value" item="listItem" open="(" close=")" separator="," >
                    #{listItem}
                  </foreach>
                </when>
              </choose>
            </foreach>
          </trim>
        </if>
      </foreach>
    </where>
  </sql>
  <sql id="Base_Column_List" >
    ID, TradeID, ObsFreq, UpBarrier, DownBarrier, RiskUpBarrier, RiskDownBarrier, UpSmoothWidth, 
    DownSmoothWidth, UpInOrOut, DownInOrOut, UpRebate, DownRebate, RebatePaytime, RebatePayDelay, 
    LastUpdateUser, LastUpdateTime, MaturityPrincipal
  </sql>
  <sql id="Blob_Column_List" >
    OptPortfolio
  </sql>
  <select id="selectByExampleWithBLOBs" resultMap="ResultMapWithBLOBs" parameterType="com.modules.barrieroptbkinfo.model.BarrieroptbkinfoModelExample" >
    select
    <if test="distinct" >
      distinct
    </if>
    'false' as QUERYID,
    <include refid="Base_Column_List" />
    ,
    <include refid="Blob_Column_List" />
    from barrieroptbkinfo
    <if test="_parameter != null" >
      <include refid="Example_Where_Clause" />
    </if>
    <if test="orderByClause != null" >
      order by ${orderByClause}
    </if>
  </select>
  <select id="selectByExample" resultMap="BaseResultMap" parameterType="com.modules.barrieroptbkinfo.model.BarrieroptbkinfoModelExample" >
    select
    <if test="distinct" >
      distinct
    </if>
    'false' as QUERYID,
    <include refid="Base_Column_List" />
    from barrieroptbkinfo
    <if test="_parameter != null" >
      <include refid="Example_Where_Clause" />
    </if>
    <if test="orderByClause != null" >
      order by ${orderByClause}
    </if>
  </select>
  <select id="selectByPrimaryKey" resultMap="ResultMapWithBLOBs" parameterType="java.lang.Integer" >
    select 
    <include refid="Base_Column_List" />
    ,
    <include refid="Blob_Column_List" />
    from barrieroptbkinfo
    where ID = #{id,jdbcType=INTEGER}
  </select>
  <delete id="deleteByPrimaryKey" parameterType="java.lang.Integer" >
    delete from barrieroptbkinfo
    where ID = #{id,jdbcType=INTEGER}
  </delete>
  <delete id="deleteByExample" parameterType="com.modules.barrieroptbkinfo.model.BarrieroptbkinfoModelExample" >
    delete from barrieroptbkinfo
    <if test="_parameter != null" >
      <include refid="Example_Where_Clause" />
    </if>
  </delete>
  <insert id="insert" parameterType="com.modules.barrieroptbkinfo.model.BarrieroptbkinfoModel" >
    insert into barrieroptbkinfo (ID, TradeID, ObsFreq, 
      UpBarrier, DownBarrier, RiskUpBarrier, 
      RiskDownBarrier, UpSmoothWidth, DownSmoothWidth, 
      UpInOrOut, DownInOrOut, UpRebate, 
      DownRebate, RebatePaytime, RebatePayDelay, 
      LastUpdateUser, LastUpdateTime, MaturityPrincipal, 
      OptPortfolio)
    values (#{id,jdbcType=INTEGER}, #{tradeid,jdbcType=VARCHAR}, #{obsfreq,jdbcType=INTEGER}, 
      #{upbarrier,jdbcType=DECIMAL}, #{downbarrier,jdbcType=DECIMAL}, #{riskupbarrier,jdbcType=DECIMAL}, 
      #{riskdownbarrier,jdbcType=DECIMAL}, #{upsmoothwidth,jdbcType=DECIMAL}, #{downsmoothwidth,jdbcType=DECIMAL}, 
      #{upinorout,jdbcType=INTEGER}, #{downinorout,jdbcType=INTEGER}, #{uprebate,jdbcType=DECIMAL}, 
      #{downrebate,jdbcType=DECIMAL}, #{rebatepaytime,jdbcType=INTEGER}, #{rebatepaydelay,jdbcType=INTEGER}, 
      #{lastupdateuser,jdbcType=VARCHAR}, #{lastupdatetime,jdbcType=TIMESTAMP}, #{maturityprincipal,jdbcType=DECIMAL}, 
      #{optportfolio,jdbcType=LONGVARCHAR})
  </insert>
  <insert id="insertSelective" parameterType="com.modules.barrieroptbkinfo.model.BarrieroptbkinfoModel" >
    insert into barrieroptbkinfo
    <trim prefix="(" suffix=")" suffixOverrides="," >
      <if test="id != null" >
        ID,
      </if>
      <if test="tradeid != null" >
        TradeID,
      </if>
      <if test="obsfreq != null" >
        ObsFreq,
      </if>
      <if test="upbarrier != null" >
        UpBarrier,
      </if>
      <if test="downbarrier != null" >
        DownBarrier,
      </if>
      <if test="riskupbarrier != null" >
        RiskUpBarrier,
      </if>
      <if test="riskdownbarrier != null" >
        RiskDownBarrier,
      </if>
      <if test="upsmoothwidth != null" >
        UpSmoothWidth,
      </if>
      <if test="downsmoothwidth != null" >
        DownSmoothWidth,
      </if>
      <if test="upinorout != null" >
        UpInOrOut,
      </if>
      <if test="downinorout != null" >
        DownInOrOut,
      </if>
      <if test="uprebate != null" >
        UpRebate,
      </if>
      <if test="downrebate != null" >
        DownRebate,
      </if>
      <if test="rebatepaytime != null" >
        RebatePaytime,
      </if>
      <if test="rebatepaydelay != null" >
        RebatePayDelay,
      </if>
      <if test="lastupdateuser != null" >
        LastUpdateUser,
      </if>
      <if test="lastupdatetime != null" >
        LastUpdateTime,
      </if>
      <if test="maturityprincipal != null" >
        MaturityPrincipal,
      </if>
      <if test="optportfolio != null" >
        OptPortfolio,
      </if>
    </trim>
    <trim prefix="values (" suffix=")" suffixOverrides="," >
      <if test="id != null" >
        #{id,jdbcType=INTEGER},
      </if>
      <if test="tradeid != null" >
        #{tradeid,jdbcType=VARCHAR},
      </if>
      <if test="obsfreq != null" >
        #{obsfreq,jdbcType=INTEGER},
      </if>
      <if test="upbarrier != null" >
        #{upbarrier,jdbcType=DECIMAL},
      </if>
      <if test="downbarrier != null" >
        #{downbarrier,jdbcType=DECIMAL},
      </if>
      <if test="riskupbarrier != null" >
        #{riskupbarrier,jdbcType=DECIMAL},
      </if>
      <if test="riskdownbarrier != null" >
        #{riskdownbarrier,jdbcType=DECIMAL},
      </if>
      <if test="upsmoothwidth != null" >
        #{upsmoothwidth,jdbcType=DECIMAL},
      </if>
      <if test="downsmoothwidth != null" >
        #{downsmoothwidth,jdbcType=DECIMAL},
      </if>
      <if test="upinorout != null" >
        #{upinorout,jdbcType=INTEGER},
      </if>
      <if test="downinorout != null" >
        #{downinorout,jdbcType=INTEGER},
      </if>
      <if test="uprebate != null" >
        #{uprebate,jdbcType=DECIMAL},
      </if>
      <if test="downrebate != null" >
        #{downrebate,jdbcType=DECIMAL},
      </if>
      <if test="rebatepaytime != null" >
        #{rebatepaytime,jdbcType=INTEGER},
      </if>
      <if test="rebatepaydelay != null" >
        #{rebatepaydelay,jdbcType=INTEGER},
      </if>
      <if test="lastupdateuser != null" >
        #{lastupdateuser,jdbcType=VARCHAR},
      </if>
      <if test="lastupdatetime != null" >
        #{lastupdatetime,jdbcType=TIMESTAMP},
      </if>
      <if test="maturityprincipal != null" >
        #{maturityprincipal,jdbcType=DECIMAL},
      </if>
      <if test="optportfolio != null" >
        #{optportfolio,jdbcType=LONGVARCHAR},
      </if>
    </trim>
  </insert>
  <select id="countByExample" parameterType="com.modules.barrieroptbkinfo.model.BarrieroptbkinfoModelExample" resultType="java.lang.Integer" >
    select count(*) from barrieroptbkinfo
    <if test="_parameter != null" >
      <include refid="Example_Where_Clause" />
    </if>
  </select>
  <update id="updateByExampleSelective" parameterType="map" >
    update barrieroptbkinfo
    <set >
      <if test="record.id != null" >
        ID = #{record.id,jdbcType=INTEGER},
      </if>
      <if test="record.tradeid != null" >
        TradeID = #{record.tradeid,jdbcType=VARCHAR},
      </if>
      <if test="record.obsfreq != null" >
        ObsFreq = #{record.obsfreq,jdbcType=INTEGER},
      </if>
      <if test="record.upbarrier != null" >
        UpBarrier = #{record.upbarrier,jdbcType=DECIMAL},
      </if>
      <if test="record.downbarrier != null" >
        DownBarrier = #{record.downbarrier,jdbcType=DECIMAL},
      </if>
      <if test="record.riskupbarrier != null" >
        RiskUpBarrier = #{record.riskupbarrier,jdbcType=DECIMAL},
      </if>
      <if test="record.riskdownbarrier != null" >
        RiskDownBarrier = #{record.riskdownbarrier,jdbcType=DECIMAL},
      </if>
      <if test="record.upsmoothwidth != null" >
        UpSmoothWidth = #{record.upsmoothwidth,jdbcType=DECIMAL},
      </if>
      <if test="record.downsmoothwidth != null" >
        DownSmoothWidth = #{record.downsmoothwidth,jdbcType=DECIMAL},
      </if>
      <if test="record.upinorout != null" >
        UpInOrOut = #{record.upinorout,jdbcType=INTEGER},
      </if>
      <if test="record.downinorout != null" >
        DownInOrOut = #{record.downinorout,jdbcType=INTEGER},
      </if>
      <if test="record.uprebate != null" >
        UpRebate = #{record.uprebate,jdbcType=DECIMAL},
      </if>
      <if test="record.downrebate != null" >
        DownRebate = #{record.downrebate,jdbcType=DECIMAL},
      </if>
      <if test="record.rebatepaytime != null" >
        RebatePaytime = #{record.rebatepaytime,jdbcType=INTEGER},
      </if>
      <if test="record.rebatepaydelay != null" >
        RebatePayDelay = #{record.rebatepaydelay,jdbcType=INTEGER},
      </if>
      <if test="record.lastupdateuser != null" >
        LastUpdateUser = #{record.lastupdateuser,jdbcType=VARCHAR},
      </if>
      <if test="record.lastupdatetime != null" >
        LastUpdateTime = #{record.lastupdatetime,jdbcType=TIMESTAMP},
      </if>
      <if test="record.maturityprincipal != null" >
        MaturityPrincipal = #{record.maturityprincipal,jdbcType=DECIMAL},
      </if>
      <if test="record.optportfolio != null" >
        OptPortfolio = #{record.optportfolio,jdbcType=LONGVARCHAR},
      </if>
    </set>
    <if test="_parameter != null" >
      <include refid="Update_By_Example_Where_Clause" />
    </if>
  </update>
  <update id="updateByExampleWithBLOBs" parameterType="map" >
    update barrieroptbkinfo
    set ID = #{record.id,jdbcType=INTEGER},
      TradeID = #{record.tradeid,jdbcType=VARCHAR},
      ObsFreq = #{record.obsfreq,jdbcType=INTEGER},
      UpBarrier = #{record.upbarrier,jdbcType=DECIMAL},
      DownBarrier = #{record.downbarrier,jdbcType=DECIMAL},
      RiskUpBarrier = #{record.riskupbarrier,jdbcType=DECIMAL},
      RiskDownBarrier = #{record.riskdownbarrier,jdbcType=DECIMAL},
      UpSmoothWidth = #{record.upsmoothwidth,jdbcType=DECIMAL},
      DownSmoothWidth = #{record.downsmoothwidth,jdbcType=DECIMAL},
      UpInOrOut = #{record.upinorout,jdbcType=INTEGER},
      DownInOrOut = #{record.downinorout,jdbcType=INTEGER},
      UpRebate = #{record.uprebate,jdbcType=DECIMAL},
      DownRebate = #{record.downrebate,jdbcType=DECIMAL},
      RebatePaytime = #{record.rebatepaytime,jdbcType=INTEGER},
      RebatePayDelay = #{record.rebatepaydelay,jdbcType=INTEGER},
      LastUpdateUser = #{record.lastupdateuser,jdbcType=VARCHAR},
      LastUpdateTime = #{record.lastupdatetime,jdbcType=TIMESTAMP},
      MaturityPrincipal = #{record.maturityprincipal,jdbcType=DECIMAL},
      OptPortfolio = #{record.optportfolio,jdbcType=LONGVARCHAR}
    <if test="_parameter != null" >
      <include refid="Update_By_Example_Where_Clause" />
    </if>
  </update>
  <update id="updateByExample" parameterType="map" >
    update barrieroptbkinfo
    set ID = #{record.id,jdbcType=INTEGER},
      TradeID = #{record.tradeid,jdbcType=VARCHAR},
      ObsFreq = #{record.obsfreq,jdbcType=INTEGER},
      UpBarrier = #{record.upbarrier,jdbcType=DECIMAL},
      DownBarrier = #{record.downbarrier,jdbcType=DECIMAL},
      RiskUpBarrier = #{record.riskupbarrier,jdbcType=DECIMAL},
      RiskDownBarrier = #{record.riskdownbarrier,jdbcType=DECIMAL},
      UpSmoothWidth = #{record.upsmoothwidth,jdbcType=DECIMAL},
      DownSmoothWidth = #{record.downsmoothwidth,jdbcType=DECIMAL},
      UpInOrOut = #{record.upinorout,jdbcType=INTEGER},
      DownInOrOut = #{record.downinorout,jdbcType=INTEGER},
      UpRebate = #{record.uprebate,jdbcType=DECIMAL},
      DownRebate = #{record.downrebate,jdbcType=DECIMAL},
      RebatePaytime = #{record.rebatepaytime,jdbcType=INTEGER},
      RebatePayDelay = #{record.rebatepaydelay,jdbcType=INTEGER},
      LastUpdateUser = #{record.lastupdateuser,jdbcType=VARCHAR},
      LastUpdateTime = #{record.lastupdatetime,jdbcType=TIMESTAMP},
      MaturityPrincipal = #{record.maturityprincipal,jdbcType=DECIMAL}
    <if test="_parameter != null" >
      <include refid="Update_By_Example_Where_Clause" />
    </if>
  </update>
  <update id="updateByPrimaryKeySelective" parameterType="com.modules.barrieroptbkinfo.model.BarrieroptbkinfoModel" >
    update barrieroptbkinfo
    <set >
      <if test="tradeid != null" >
        TradeID = #{tradeid,jdbcType=VARCHAR},
      </if>
      <if test="obsfreq != null" >
        ObsFreq = #{obsfreq,jdbcType=INTEGER},
      </if>
      <if test="upbarrier != null" >
        UpBarrier = #{upbarrier,jdbcType=DECIMAL},
      </if>
      <if test="downbarrier != null" >
        DownBarrier = #{downbarrier,jdbcType=DECIMAL},
      </if>
      <if test="riskupbarrier != null" >
        RiskUpBarrier = #{riskupbarrier,jdbcType=DECIMAL},
      </if>
      <if test="riskdownbarrier != null" >
        RiskDownBarrier = #{riskdownbarrier,jdbcType=DECIMAL},
      </if>
      <if test="upsmoothwidth != null" >
        UpSmoothWidth = #{upsmoothwidth,jdbcType=DECIMAL},
      </if>
      <if test="downsmoothwidth != null" >
        DownSmoothWidth = #{downsmoothwidth,jdbcType=DECIMAL},
      </if>
      <if test="upinorout != null" >
        UpInOrOut = #{upinorout,jdbcType=INTEGER},
      </if>
      <if test="downinorout != null" >
        DownInOrOut = #{downinorout,jdbcType=INTEGER},
      </if>
      <if test="uprebate != null" >
        UpRebate = #{uprebate,jdbcType=DECIMAL},
      </if>
      <if test="downrebate != null" >
        DownRebate = #{downrebate,jdbcType=DECIMAL},
      </if>
      <if test="rebatepaytime != null" >
        RebatePaytime = #{rebatepaytime,jdbcType=INTEGER},
      </if>
      <if test="rebatepaydelay != null" >
        RebatePayDelay = #{rebatepaydelay,jdbcType=INTEGER},
      </if>
      <if test="lastupdateuser != null" >
        LastUpdateUser = #{lastupdateuser,jdbcType=VARCHAR},
      </if>
      <if test="lastupdatetime != null" >
        LastUpdateTime = #{lastupdatetime,jdbcType=TIMESTAMP},
      </if>
      <if test="maturityprincipal != null" >
        MaturityPrincipal = #{maturityprincipal,jdbcType=DECIMAL},
      </if>
      <if test="optportfolio != null" >
        OptPortfolio = #{optportfolio,jdbcType=LONGVARCHAR},
      </if>
    </set>
    where ID = #{id,jdbcType=INTEGER}
  </update>
  <update id="updateByPrimaryKeyWithBLOBs" parameterType="com.modules.barrieroptbkinfo.model.BarrieroptbkinfoModel" >
    update barrieroptbkinfo
    set TradeID = #{tradeid,jdbcType=VARCHAR},
      ObsFreq = #{obsfreq,jdbcType=INTEGER},
      UpBarrier = #{upbarrier,jdbcType=DECIMAL},
      DownBarrier = #{downbarrier,jdbcType=DECIMAL},
      RiskUpBarrier = #{riskupbarrier,jdbcType=DECIMAL},
      RiskDownBarrier = #{riskdownbarrier,jdbcType=DECIMAL},
      UpSmoothWidth = #{upsmoothwidth,jdbcType=DECIMAL},
      DownSmoothWidth = #{downsmoothwidth,jdbcType=DECIMAL},
      UpInOrOut = #{upinorout,jdbcType=INTEGER},
      DownInOrOut = #{downinorout,jdbcType=INTEGER},
      UpRebate = #{uprebate,jdbcType=DECIMAL},
      DownRebate = #{downrebate,jdbcType=DECIMAL},
      RebatePaytime = #{rebatepaytime,jdbcType=INTEGER},
      RebatePayDelay = #{rebatepaydelay,jdbcType=INTEGER},
      LastUpdateUser = #{lastupdateuser,jdbcType=VARCHAR},
      LastUpdateTime = #{lastupdatetime,jdbcType=TIMESTAMP},
      MaturityPrincipal = #{maturityprincipal,jdbcType=DECIMAL},
      OptPortfolio = #{optportfolio,jdbcType=LONGVARCHAR}
    where ID = #{id,jdbcType=INTEGER}
  </update>
  <update id="updateByPrimaryKey" parameterType="com.modules.barrieroptbkinfo.model.BarrieroptbkinfoModel" >
    update barrieroptbkinfo
    set TradeID = #{tradeid,jdbcType=VARCHAR},
      ObsFreq = #{obsfreq,jdbcType=INTEGER},
      UpBarrier = #{upbarrier,jdbcType=DECIMAL},
      DownBarrier = #{downbarrier,jdbcType=DECIMAL},
      RiskUpBarrier = #{riskupbarrier,jdbcType=DECIMAL},
      RiskDownBarrier = #{riskdownbarrier,jdbcType=DECIMAL},
      UpSmoothWidth = #{upsmoothwidth,jdbcType=DECIMAL},
      DownSmoothWidth = #{downsmoothwidth,jdbcType=DECIMAL},
      UpInOrOut = #{upinorout,jdbcType=INTEGER},
      DownInOrOut = #{downinorout,jdbcType=INTEGER},
      UpRebate = #{uprebate,jdbcType=DECIMAL},
      DownRebate = #{downrebate,jdbcType=DECIMAL},
      RebatePaytime = #{rebatepaytime,jdbcType=INTEGER},
      RebatePayDelay = #{rebatepaydelay,jdbcType=INTEGER},
      LastUpdateUser = #{lastupdateuser,jdbcType=VARCHAR},
      LastUpdateTime = #{lastupdatetime,jdbcType=TIMESTAMP},
      MaturityPrincipal = #{maturityprincipal,jdbcType=DECIMAL}
    where ID = #{id,jdbcType=INTEGER}
  </update>
</mapper>