<?xml version="1.0" encoding="UTF-8" ?>
<!DOCTYPE mapper PUBLIC "-//mybatis.org//DTD Mapper 3.0//EN" "http://mybatis.org/dtd/mybatis-3-mapper.dtd" >
<mapper namespace="com.modules.margin.dao.MarginModelMapper" >
  <resultMap id="BaseResultMap" type="com.modules.margin.model.MarginModel" >
    <id column="ID" property="id" jdbcType="INTEGER" />
    <result column="ClientID" property="clientid" jdbcType="VARCHAR" />
    <result column="MarginBalance" property="marginbalance" jdbcType="DECIMAL" />
    <result column="MaintenanceMargin" property="maintenancemargin" jdbcType="DECIMAL" />
    <result column="FreezedMargin" property="freezedmargin" jdbcType="DECIMAL" />
    <result column="OtherAsset" property="otherasset" jdbcType="DECIMAL" />
    <result column="Currency" property="currency" jdbcType="VARCHAR" />
    <result column="Comment" property="comment" jdbcType="VARCHAR" />
  </resultMap>
  <sql id="Example_Where_Clause" >
    <where >
      <foreach collection="oredCriteria" item="criteria" separator="or" >
        <if test="criteria.valid" >
          <trim prefix="(" suffix=")" prefixOverrides="and" >
            <foreach collection="criteria.criteria" item="criterion" >
              <choose >
                <when test="criterion.noValue" >
                  and ${criterion.condition}
                </when>
                <when test="criterion.singleValue" >
                  and ${criterion.condition} #{criterion.value}
                </when>
                <when test="criterion.betweenValue" >
                  and ${criterion.condition} #{criterion.value} and #{criterion.secondValue}
                </when>
                <when test="criterion.listValue" >
                  and ${criterion.condition}
                  <foreach collection="criterion.value" item="listItem" open="(" close=")" separator="," >
                    #{listItem}
                  </foreach>
                </when>
              </choose>
            </foreach>
          </trim>
        </if>
      </foreach>
    </where>
  </sql>
  <sql id="Update_By_Example_Where_Clause" >
    <where >
      <foreach collection="example.oredCriteria" item="criteria" separator="or" >
        <if test="criteria.valid" >
          <trim prefix="(" suffix=")" prefixOverrides="and" >
            <foreach collection="criteria.criteria" item="criterion" >
              <choose >
                <when test="criterion.noValue" >
                  and ${criterion.condition}
                </when>
                <when test="criterion.singleValue" >
                  and ${criterion.condition} #{criterion.value}
                </when>
                <when test="criterion.betweenValue" >
                  and ${criterion.condition} #{criterion.value} and #{criterion.secondValue}
                </when>
                <when test="criterion.listValue" >
                  and ${criterion.condition}
                  <foreach collection="criterion.value" item="listItem" open="(" close=")" separator="," >
                    #{listItem}
                  </foreach>
                </when>
              </choose>
            </foreach>
          </trim>
        </if>
      </foreach>
    </where>
  </sql>
  <sql id="Base_Column_List" >
    ID, ClientID, MarginBalance, MaintenanceMargin, FreezedMargin, OtherAsset, Currency, 
    Comment
  </sql>
  <select id="selectByExample" resultMap="BaseResultMap" parameterType="com.modules.margin.model.MarginModelExample" >
    select
    <if test="distinct" >
      distinct
    </if>
    'false' as QUERYID,
    <include refid="Base_Column_List" />
    from margin
    <if test="_parameter != null" >
      <include refid="Example_Where_Clause" />
    </if>
    <if test="orderByClause != null" >
      order by ${orderByClause}
    </if>
  </select>
  <select id="selectByPrimaryKey" resultMap="BaseResultMap" parameterType="java.lang.Integer" >
    select 
    <include refid="Base_Column_List" />
    from margin
    where ID = #{id,jdbcType=INTEGER}
  </select>
  <delete id="deleteByPrimaryKey" parameterType="java.lang.Integer" >
    delete from margin
    where ID = #{id,jdbcType=INTEGER}
  </delete>
  <delete id="deleteByExample" parameterType="com.modules.margin.model.MarginModelExample" >
    delete from margin
    <if test="_parameter != null" >
      <include refid="Example_Where_Clause" />
    </if>
  </delete>
  <insert id="insert" parameterType="com.modules.margin.model.MarginModel" >
    insert into margin (ID, ClientID, MarginBalance, 
      MaintenanceMargin, FreezedMargin, OtherAsset, 
      Currency, Comment)
    values (#{id,jdbcType=INTEGER}, #{clientid,jdbcType=VARCHAR}, #{marginbalance,jdbcType=DECIMAL}, 
      #{maintenancemargin,jdbcType=DECIMAL}, #{freezedmargin,jdbcType=DECIMAL}, #{otherasset,jdbcType=DECIMAL}, 
      #{currency,jdbcType=VARCHAR}, #{comment,jdbcType=VARCHAR})
  </insert>
  <insert id="insertSelective" parameterType="com.modules.margin.model.MarginModel" >
    insert into margin
    <trim prefix="(" suffix=")" suffixOverrides="," >
      <if test="id != null" >
        ID,
      </if>
      <if test="clientid != null" >
        ClientID,
      </if>
      <if test="marginbalance != null" >
        MarginBalance,
      </if>
      <if test="maintenancemargin != null" >
        MaintenanceMargin,
      </if>
      <if test="freezedmargin != null" >
        FreezedMargin,
      </if>
      <if test="otherasset != null" >
        OtherAsset,
      </if>
      <if test="currency != null" >
        Currency,
      </if>
      <if test="comment != null" >
        Comment,
      </if>
    </trim>
    <trim prefix="values (" suffix=")" suffixOverrides="," >
      <if test="id != null" >
        #{id,jdbcType=INTEGER},
      </if>
      <if test="clientid != null" >
        #{clientid,jdbcType=VARCHAR},
      </if>
      <if test="marginbalance != null" >
        #{marginbalance,jdbcType=DECIMAL},
      </if>
      <if test="maintenancemargin != null" >
        #{maintenancemargin,jdbcType=DECIMAL},
      </if>
      <if test="freezedmargin != null" >
        #{freezedmargin,jdbcType=DECIMAL},
      </if>
      <if test="otherasset != null" >
        #{otherasset,jdbcType=DECIMAL},
      </if>
      <if test="currency != null" >
        #{currency,jdbcType=VARCHAR},
      </if>
      <if test="comment != null" >
        #{comment,jdbcType=VARCHAR},
      </if>
    </trim>
  </insert>
  <select id="countByExample" parameterType="com.modules.margin.model.MarginModelExample" resultType="java.lang.Integer" >
    select count(*) from margin
    <if test="_parameter != null" >
      <include refid="Example_Where_Clause" />
    </if>
  </select>
  <update id="updateByExampleSelective" parameterType="map" >
    update margin
    <set >
      <if test="record.id != null" >
        ID = #{record.id,jdbcType=INTEGER},
      </if>
      <if test="record.clientid != null" >
        ClientID = #{record.clientid,jdbcType=VARCHAR},
      </if>
      <if test="record.marginbalance != null" >
        MarginBalance = #{record.marginbalance,jdbcType=DECIMAL},
      </if>
      <if test="record.maintenancemargin != null" >
        MaintenanceMargin = #{record.maintenancemargin,jdbcType=DECIMAL},
      </if>
      <if test="record.freezedmargin != null" >
        FreezedMargin = #{record.freezedmargin,jdbcType=DECIMAL},
      </if>
      <if test="record.otherasset != null" >
        OtherAsset = #{record.otherasset,jdbcType=DECIMAL},
      </if>
      <if test="record.currency != null" >
        Currency = #{record.currency,jdbcType=VARCHAR},
      </if>
      <if test="record.comment != null" >
        Comment = #{record.comment,jdbcType=VARCHAR},
      </if>
    </set>
    <if test="_parameter != null" >
      <include refid="Update_By_Example_Where_Clause" />
    </if>
  </update>
  <update id="updateByExample" parameterType="map" >
    update margin
    set ID = #{record.id,jdbcType=INTEGER},
      ClientID = #{record.clientid,jdbcType=VARCHAR},
      MarginBalance = #{record.marginbalance,jdbcType=DECIMAL},
      MaintenanceMargin = #{record.maintenancemargin,jdbcType=DECIMAL},
      FreezedMargin = #{record.freezedmargin,jdbcType=DECIMAL},
      OtherAsset = #{record.otherasset,jdbcType=DECIMAL},
      Currency = #{record.currency,jdbcType=VARCHAR},
      Comment = #{record.comment,jdbcType=VARCHAR}
    <if test="_parameter != null" >
      <include refid="Update_By_Example_Where_Clause" />
    </if>
  </update>
  <update id="updateByPrimaryKeySelective" parameterType="com.modules.margin.model.MarginModel" >
    update margin
    <set >
      <if test="clientid != null" >
        ClientID = #{clientid,jdbcType=VARCHAR},
      </if>
      <if test="marginbalance != null" >
        MarginBalance = #{marginbalance,jdbcType=DECIMAL},
      </if>
      <if test="maintenancemargin != null" >
        MaintenanceMargin = #{maintenancemargin,jdbcType=DECIMAL},
      </if>
      <if test="freezedmargin != null" >
        FreezedMargin = #{freezedmargin,jdbcType=DECIMAL},
      </if>
      <if test="otherasset != null" >
        OtherAsset = #{otherasset,jdbcType=DECIMAL},
      </if>
      <if test="currency != null" >
        Currency = #{currency,jdbcType=VARCHAR},
      </if>
      <if test="comment != null" >
        Comment = #{comment,jdbcType=VARCHAR},
      </if>
    </set>
    where ID = #{id,jdbcType=INTEGER}
  </update>
  <update id="updateByPrimaryKey" parameterType="com.modules.margin.model.MarginModel" >
    update margin
    set ClientID = #{clientid,jdbcType=VARCHAR},
      MarginBalance = #{marginbalance,jdbcType=DECIMAL},
      MaintenanceMargin = #{maintenancemargin,jdbcType=DECIMAL},
      FreezedMargin = #{freezedmargin,jdbcType=DECIMAL},
      OtherAsset = #{otherasset,jdbcType=DECIMAL},
      Currency = #{currency,jdbcType=VARCHAR},
      Comment = #{comment,jdbcType=VARCHAR}
    where ID = #{id,jdbcType=INTEGER}
  </update>
</mapper>