<?xml version="1.0" encoding="UTF-8" ?>
<!DOCTYPE mapper PUBLIC "-//mybatis.org//DTD Mapper 3.0//EN" "http://mybatis.org/dtd/mybatis-3-mapper.dtd" >
<mapper namespace="com.modules.corpaction.dao.CorpactionModelMapper" >
  <resultMap id="BaseResultMap" type="com.modules.corpaction.model.CorpactionModel" >
    <id column="ID" property="id" jdbcType="INTEGER" />
    <result column="Underlying" property="underlying" jdbcType="VARCHAR" />
    <result column="ExchangeCode" property="exchangecode" jdbcType="VARCHAR" />
    <result column="BusinessType" property="businesstype" jdbcType="VARCHAR" />
    <result column="ExRightDate" property="exrightdate" jdbcType="DATE" />
    <result column="ArriveDate" property="arrivedate" jdbcType="DATE" />
    <result column="Amount" property="amount" jdbcType="DECIMAL" />
    <result column="Price" property="price" jdbcType="DECIMAL" />
    <result column="Scale" property="scale" jdbcType="DECIMAL" />
    <result column="Symbol" property="symbol" jdbcType="VARCHAR" />
    <result column="RationalStartDate" property="rationalstartdate" jdbcType="DATE" />
    <result column="RationalEndDate" property="rationalenddate" jdbcType="DATE" />
    <result column="TaxPrice" property="taxprice" jdbcType="DECIMAL" />
    <result column="TaxProportion" property="taxproportion" jdbcType="DECIMAL" />
    <result column="Status" property="status" jdbcType="VARCHAR" />
    <result column="NoticeDate" property="noticedate" jdbcType="DATE" />
    <result column="HasAdjusted" property="hasadjusted" jdbcType="BIT" />
    <result column="Factor" property="factor" jdbcType="DECIMAL" />
  </resultMap>
  <sql id="Example_Where_Clause" >
    <where >
      <foreach collection="oredCriteria" item="criteria" separator="or" >
        <if test="criteria.valid" >
          <trim prefix="(" suffix=")" prefixOverrides="and" >
            <foreach collection="criteria.criteria" item="criterion" >
              <choose >
                <when test="criterion.noValue" >
                  and ${criterion.condition}
                </when>
                <when test="criterion.singleValue" >
                  and ${criterion.condition} #{criterion.value}
                </when>
                <when test="criterion.betweenValue" >
                  and ${criterion.condition} #{criterion.value} and #{criterion.secondValue}
                </when>
                <when test="criterion.listValue" >
                  and ${criterion.condition}
                  <foreach collection="criterion.value" item="listItem" open="(" close=")" separator="," >
                    #{listItem}
                  </foreach>
                </when>
              </choose>
            </foreach>
          </trim>
        </if>
      </foreach>
    </where>
  </sql>
  <sql id="Update_By_Example_Where_Clause" >
    <where >
      <foreach collection="example.oredCriteria" item="criteria" separator="or" >
        <if test="criteria.valid" >
          <trim prefix="(" suffix=")" prefixOverrides="and" >
            <foreach collection="criteria.criteria" item="criterion" >
              <choose >
                <when test="criterion.noValue" >
                  and ${criterion.condition}
                </when>
                <when test="criterion.singleValue" >
                  and ${criterion.condition} #{criterion.value}
                </when>
                <when test="criterion.betweenValue" >
                  and ${criterion.condition} #{criterion.value} and #{criterion.secondValue}
                </when>
                <when test="criterion.listValue" >
                  and ${criterion.condition}
                  <foreach collection="criterion.value" item="listItem" open="(" close=")" separator="," >
                    #{listItem}
                  </foreach>
                </when>
              </choose>
            </foreach>
          </trim>
        </if>
      </foreach>
    </where>
  </sql>
  <sql id="Base_Column_List" >
    ID, Underlying, ExchangeCode, BusinessType, ExRightDate, ArriveDate, Amount, Price, 
    Scale, Symbol, RationalStartDate, RationalEndDate, TaxPrice, TaxProportion, Status, 
    NoticeDate, HasAdjusted, Factor
  </sql>
  <select id="selectByExample" resultMap="BaseResultMap" parameterType="com.modules.corpaction.model.CorpactionModelExample" >
    select
    <if test="distinct" >
      distinct
    </if>
    'false' as QUERYID,
    <include refid="Base_Column_List" />
    from corpaction
    <if test="_parameter != null" >
      <include refid="Example_Where_Clause" />
    </if>
    <if test="orderByClause != null" >
      order by ${orderByClause}
    </if>
  </select>
  <select id="selectByPrimaryKey" resultMap="BaseResultMap" parameterType="java.lang.Integer" >
    select 
    <include refid="Base_Column_List" />
    from corpaction
    where ID = #{id,jdbcType=INTEGER}
  </select>
  <delete id="deleteByPrimaryKey" parameterType="java.lang.Integer" >
    delete from corpaction
    where ID = #{id,jdbcType=INTEGER}
  </delete>
  <delete id="deleteByExample" parameterType="com.modules.corpaction.model.CorpactionModelExample" >
    delete from corpaction
    <if test="_parameter != null" >
      <include refid="Example_Where_Clause" />
    </if>
  </delete>
  <insert id="insert" parameterType="com.modules.corpaction.model.CorpactionModel" >
    insert into corpaction (ID, Underlying, ExchangeCode, 
      BusinessType, ExRightDate, ArriveDate, 
      Amount, Price, Scale, 
      Symbol, RationalStartDate, RationalEndDate, 
      TaxPrice, TaxProportion, Status, 
      NoticeDate, HasAdjusted, Factor
      )
    values (#{id,jdbcType=INTEGER}, #{underlying,jdbcType=VARCHAR}, #{exchangecode,jdbcType=VARCHAR}, 
      #{businesstype,jdbcType=VARCHAR}, #{exrightdate,jdbcType=DATE}, #{arrivedate,jdbcType=DATE}, 
      #{amount,jdbcType=DECIMAL}, #{price,jdbcType=DECIMAL}, #{scale,jdbcType=DECIMAL}, 
      #{symbol,jdbcType=VARCHAR}, #{rationalstartdate,jdbcType=DATE}, #{rationalenddate,jdbcType=DATE}, 
      #{taxprice,jdbcType=DECIMAL}, #{taxproportion,jdbcType=DECIMAL}, #{status,jdbcType=VARCHAR}, 
      #{noticedate,jdbcType=DATE}, #{hasadjusted,jdbcType=BIT}, #{factor,jdbcType=DECIMAL}
      )
  </insert>
  <insert id="insertSelective" parameterType="com.modules.corpaction.model.CorpactionModel" >
    insert into corpaction
    <trim prefix="(" suffix=")" suffixOverrides="," >
      <if test="id != null" >
        ID,
      </if>
      <if test="underlying != null" >
        Underlying,
      </if>
      <if test="exchangecode != null" >
        ExchangeCode,
      </if>
      <if test="businesstype != null" >
        BusinessType,
      </if>
      <if test="exrightdate != null" >
        ExRightDate,
      </if>
      <if test="arrivedate != null" >
        ArriveDate,
      </if>
      <if test="amount != null" >
        Amount,
      </if>
      <if test="price != null" >
        Price,
      </if>
      <if test="scale != null" >
        Scale,
      </if>
      <if test="symbol != null" >
        Symbol,
      </if>
      <if test="rationalstartdate != null" >
        RationalStartDate,
      </if>
      <if test="rationalenddate != null" >
        RationalEndDate,
      </if>
      <if test="taxprice != null" >
        TaxPrice,
      </if>
      <if test="taxproportion != null" >
        TaxProportion,
      </if>
      <if test="status != null" >
        Status,
      </if>
      <if test="noticedate != null" >
        NoticeDate,
      </if>
      <if test="hasadjusted != null" >
        HasAdjusted,
      </if>
      <if test="factor != null" >
        Factor,
      </if>
    </trim>
    <trim prefix="values (" suffix=")" suffixOverrides="," >
      <if test="id != null" >
        #{id,jdbcType=INTEGER},
      </if>
      <if test="underlying != null" >
        #{underlying,jdbcType=VARCHAR},
      </if>
      <if test="exchangecode != null" >
        #{exchangecode,jdbcType=VARCHAR},
      </if>
      <if test="businesstype != null" >
        #{businesstype,jdbcType=VARCHAR},
      </if>
      <if test="exrightdate != null" >
        #{exrightdate,jdbcType=DATE},
      </if>
      <if test="arrivedate != null" >
        #{arrivedate,jdbcType=DATE},
      </if>
      <if test="amount != null" >
        #{amount,jdbcType=DECIMAL},
      </if>
      <if test="price != null" >
        #{price,jdbcType=DECIMAL},
      </if>
      <if test="scale != null" >
        #{scale,jdbcType=DECIMAL},
      </if>
      <if test="symbol != null" >
        #{symbol,jdbcType=VARCHAR},
      </if>
      <if test="rationalstartdate != null" >
        #{rationalstartdate,jdbcType=DATE},
      </if>
      <if test="rationalenddate != null" >
        #{rationalenddate,jdbcType=DATE},
      </if>
      <if test="taxprice != null" >
        #{taxprice,jdbcType=DECIMAL},
      </if>
      <if test="taxproportion != null" >
        #{taxproportion,jdbcType=DECIMAL},
      </if>
      <if test="status != null" >
        #{status,jdbcType=VARCHAR},
      </if>
      <if test="noticedate != null" >
        #{noticedate,jdbcType=DATE},
      </if>
      <if test="hasadjusted != null" >
        #{hasadjusted,jdbcType=BIT},
      </if>
      <if test="factor != null" >
        #{factor,jdbcType=DECIMAL},
      </if>
    </trim>
  </insert>
  <select id="countByExample" parameterType="com.modules.corpaction.model.CorpactionModelExample" resultType="java.lang.Integer" >
    select count(*) from corpaction
    <if test="_parameter != null" >
      <include refid="Example_Where_Clause" />
    </if>
  </select>
  <update id="updateByExampleSelective" parameterType="map" >
    update corpaction
    <set >
      <if test="record.id != null" >
        ID = #{record.id,jdbcType=INTEGER},
      </if>
      <if test="record.underlying != null" >
        Underlying = #{record.underlying,jdbcType=VARCHAR},
      </if>
      <if test="record.exchangecode != null" >
        ExchangeCode = #{record.exchangecode,jdbcType=VARCHAR},
      </if>
      <if test="record.businesstype != null" >
        BusinessType = #{record.businesstype,jdbcType=VARCHAR},
      </if>
      <if test="record.exrightdate != null" >
        ExRightDate = #{record.exrightdate,jdbcType=DATE},
      </if>
      <if test="record.arrivedate != null" >
        ArriveDate = #{record.arrivedate,jdbcType=DATE},
      </if>
      <if test="record.amount != null" >
        Amount = #{record.amount,jdbcType=DECIMAL},
      </if>
      <if test="record.price != null" >
        Price = #{record.price,jdbcType=DECIMAL},
      </if>
      <if test="record.scale != null" >
        Scale = #{record.scale,jdbcType=DECIMAL},
      </if>
      <if test="record.symbol != null" >
        Symbol = #{record.symbol,jdbcType=VARCHAR},
      </if>
      <if test="record.rationalstartdate != null" >
        RationalStartDate = #{record.rationalstartdate,jdbcType=DATE},
      </if>
      <if test="record.rationalenddate != null" >
        RationalEndDate = #{record.rationalenddate,jdbcType=DATE},
      </if>
      <if test="record.taxprice != null" >
        TaxPrice = #{record.taxprice,jdbcType=DECIMAL},
      </if>
      <if test="record.taxproportion != null" >
        TaxProportion = #{record.taxproportion,jdbcType=DECIMAL},
      </if>
      <if test="record.status != null" >
        Status = #{record.status,jdbcType=VARCHAR},
      </if>
      <if test="record.noticedate != null" >
        NoticeDate = #{record.noticedate,jdbcType=DATE},
      </if>
      <if test="record.hasadjusted != null" >
        HasAdjusted = #{record.hasadjusted,jdbcType=BIT},
      </if>
      <if test="record.factor != null" >
        Factor = #{record.factor,jdbcType=DECIMAL},
      </if>
    </set>
    <if test="_parameter != null" >
      <include refid="Update_By_Example_Where_Clause" />
    </if>
  </update>
  <update id="updateByExample" parameterType="map" >
    update corpaction
    set ID = #{record.id,jdbcType=INTEGER},
      Underlying = #{record.underlying,jdbcType=VARCHAR},
      ExchangeCode = #{record.exchangecode,jdbcType=VARCHAR},
      BusinessType = #{record.businesstype,jdbcType=VARCHAR},
      ExRightDate = #{record.exrightdate,jdbcType=DATE},
      ArriveDate = #{record.arrivedate,jdbcType=DATE},
      Amount = #{record.amount,jdbcType=DECIMAL},
      Price = #{record.price,jdbcType=DECIMAL},
      Scale = #{record.scale,jdbcType=DECIMAL},
      Symbol = #{record.symbol,jdbcType=VARCHAR},
      RationalStartDate = #{record.rationalstartdate,jdbcType=DATE},
      RationalEndDate = #{record.rationalenddate,jdbcType=DATE},
      TaxPrice = #{record.taxprice,jdbcType=DECIMAL},
      TaxProportion = #{record.taxproportion,jdbcType=DECIMAL},
      Status = #{record.status,jdbcType=VARCHAR},
      NoticeDate = #{record.noticedate,jdbcType=DATE},
      HasAdjusted = #{record.hasadjusted,jdbcType=BIT},
      Factor = #{record.factor,jdbcType=DECIMAL}
    <if test="_parameter != null" >
      <include refid="Update_By_Example_Where_Clause" />
    </if>
  </update>
  <update id="updateByPrimaryKeySelective" parameterType="com.modules.corpaction.model.CorpactionModel" >
    update corpaction
    <set >
      <if test="underlying != null" >
        Underlying = #{underlying,jdbcType=VARCHAR},
      </if>
      <if test="exchangecode != null" >
        ExchangeCode = #{exchangecode,jdbcType=VARCHAR},
      </if>
      <if test="businesstype != null" >
        BusinessType = #{businesstype,jdbcType=VARCHAR},
      </if>
      <if test="exrightdate != null" >
        ExRightDate = #{exrightdate,jdbcType=DATE},
      </if>
      <if test="arrivedate != null" >
        ArriveDate = #{arrivedate,jdbcType=DATE},
      </if>
      <if test="amount != null" >
        Amount = #{amount,jdbcType=DECIMAL},
      </if>
      <if test="price != null" >
        Price = #{price,jdbcType=DECIMAL},
      </if>
      <if test="scale != null" >
        Scale = #{scale,jdbcType=DECIMAL},
      </if>
      <if test="symbol != null" >
        Symbol = #{symbol,jdbcType=VARCHAR},
      </if>
      <if test="rationalstartdate != null" >
        RationalStartDate = #{rationalstartdate,jdbcType=DATE},
      </if>
      <if test="rationalenddate != null" >
        RationalEndDate = #{rationalenddate,jdbcType=DATE},
      </if>
      <if test="taxprice != null" >
        TaxPrice = #{taxprice,jdbcType=DECIMAL},
      </if>
      <if test="taxproportion != null" >
        TaxProportion = #{taxproportion,jdbcType=DECIMAL},
      </if>
      <if test="status != null" >
        Status = #{status,jdbcType=VARCHAR},
      </if>
      <if test="noticedate != null" >
        NoticeDate = #{noticedate,jdbcType=DATE},
      </if>
      <if test="hasadjusted != null" >
        HasAdjusted = #{hasadjusted,jdbcType=BIT},
      </if>
      <if test="factor != null" >
        Factor = #{factor,jdbcType=DECIMAL},
      </if>
    </set>
    where ID = #{id,jdbcType=INTEGER}
  </update>
  <update id="updateByPrimaryKey" parameterType="com.modules.corpaction.model.CorpactionModel" >
    update corpaction
    set Underlying = #{underlying,jdbcType=VARCHAR},
      ExchangeCode = #{exchangecode,jdbcType=VARCHAR},
      BusinessType = #{businesstype,jdbcType=VARCHAR},
      ExRightDate = #{exrightdate,jdbcType=DATE},
      ArriveDate = #{arrivedate,jdbcType=DATE},
      Amount = #{amount,jdbcType=DECIMAL},
      Price = #{price,jdbcType=DECIMAL},
      Scale = #{scale,jdbcType=DECIMAL},
      Symbol = #{symbol,jdbcType=VARCHAR},
      RationalStartDate = #{rationalstartdate,jdbcType=DATE},
      RationalEndDate = #{rationalenddate,jdbcType=DATE},
      TaxPrice = #{taxprice,jdbcType=DECIMAL},
      TaxProportion = #{taxproportion,jdbcType=DECIMAL},
      Status = #{status,jdbcType=VARCHAR},
      NoticeDate = #{noticedate,jdbcType=DATE},
      HasAdjusted = #{hasadjusted,jdbcType=BIT},
      Factor = #{factor,jdbcType=DECIMAL}
    where ID = #{id,jdbcType=INTEGER}
  </update>
</mapper>