<?xml version="1.0" encoding="UTF-8" ?>
<!DOCTYPE mapper PUBLIC "-//mybatis.org//DTD Mapper 3.0//EN" "http://mybatis.org/dtd/mybatis-3-mapper.dtd" >
<mapper namespace="com.modules.eqswpbkinfo.dao.EqswpbkinfoModelMapper" >
  <resultMap id="BaseResultMap" type="com.modules.eqswpbkinfo.model.EqswpbkinfoModel" >
    <id column="ID" property="id" jdbcType="INTEGER" />
    <result column="TradeID" property="tradeid" jdbcType="VARCHAR" />
    <result column="Leverage" property="leverage" jdbcType="DECIMAL" />
    <result column="FundingRate" property="fundingrate" jdbcType="DECIMAL" />
    <result column="FundingCcy" property="fundingccy" jdbcType="VARCHAR" />
    <result column="FundResetFreq" property="fundresetfreq" jdbcType="INTEGER" />
    <result column="FundSettleDelay" property="fundsettledelay" jdbcType="INTEGER" />
    <result column="DivResetFreq" property="divresetfreq" jdbcType="INTEGER" />
    <result column="DivSettleDelay" property="divsettledelay" jdbcType="INTEGER" />
    <result column="EqResetFreq" property="eqresetfreq" jdbcType="INTEGER" />
    <result column="EqSettleDelay" property="eqsettledelay" jdbcType="INTEGER" />
    <result column="LastUpdateUser" property="lastupdateuser" jdbcType="VARCHAR" />
    <result column="LastUpdateTime" property="lastupdatetime" jdbcType="TIMESTAMP" />
  </resultMap>
  <resultMap id="ResultMapWithBLOBs" type="com.modules.eqswpbkinfo.model.EqswpbkinfoModelWithBLOBs" extends="BaseResultMap" >
    <result column="FundResetDates" property="fundresetdates" jdbcType="LONGVARCHAR" />
    <result column="DivResetDates" property="divresetdates" jdbcType="LONGVARCHAR" />
    <result column="EqResetDatesSpots" property="eqresetdatesspots" jdbcType="LONGVARCHAR" />
  </resultMap>
  <sql id="Example_Where_Clause" >
    <where >
      <foreach collection="oredCriteria" item="criteria" separator="or" >
        <if test="criteria.valid" >
          <trim prefix="(" suffix=")" prefixOverrides="and" >
            <foreach collection="criteria.criteria" item="criterion" >
              <choose >
                <when test="criterion.noValue" >
                  and ${criterion.condition}
                </when>
                <when test="criterion.singleValue" >
                  and ${criterion.condition} #{criterion.value}
                </when>
                <when test="criterion.betweenValue" >
                  and ${criterion.condition} #{criterion.value} and #{criterion.secondValue}
                </when>
                <when test="criterion.listValue" >
                  and ${criterion.condition}
                  <foreach collection="criterion.value" item="listItem" open="(" close=")" separator="," >
                    #{listItem}
                  </foreach>
                </when>
              </choose>
            </foreach>
          </trim>
        </if>
      </foreach>
    </where>
  </sql>
  <sql id="Update_By_Example_Where_Clause" >
    <where >
      <foreach collection="example.oredCriteria" item="criteria" separator="or" >
        <if test="criteria.valid" >
          <trim prefix="(" suffix=")" prefixOverrides="and" >
            <foreach collection="criteria.criteria" item="criterion" >
              <choose >
                <when test="criterion.noValue" >
                  and ${criterion.condition}
                </when>
                <when test="criterion.singleValue" >
                  and ${criterion.condition} #{criterion.value}
                </when>
                <when test="criterion.betweenValue" >
                  and ${criterion.condition} #{criterion.value} and #{criterion.secondValue}
                </when>
                <when test="criterion.listValue" >
                  and ${criterion.condition}
                  <foreach collection="criterion.value" item="listItem" open="(" close=")" separator="," >
                    #{listItem}
                  </foreach>
                </when>
              </choose>
            </foreach>
          </trim>
        </if>
      </foreach>
    </where>
  </sql>
  <sql id="Base_Column_List" >
    ID, TradeID, Leverage, FundingRate, FundingCcy, FundResetFreq, FundSettleDelay, DivResetFreq, 
    DivSettleDelay, EqResetFreq, EqSettleDelay, LastUpdateUser, LastUpdateTime
  </sql>
  <sql id="Blob_Column_List" >
    FundResetDates, DivResetDates, EqResetDatesSpots
  </sql>
  <select id="selectByExampleWithBLOBs" resultMap="ResultMapWithBLOBs" parameterType="com.modules.eqswpbkinfo.model.EqswpbkinfoModelExample" >
    select
    <if test="distinct" >
      distinct
    </if>
    'false' as QUERYID,
    <include refid="Base_Column_List" />
    ,
    <include refid="Blob_Column_List" />
    from eqswpbkinfo
    <if test="_parameter != null" >
      <include refid="Example_Where_Clause" />
    </if>
    <if test="orderByClause != null" >
      order by ${orderByClause}
    </if>
  </select>
  <select id="selectByExample" resultMap="BaseResultMap" parameterType="com.modules.eqswpbkinfo.model.EqswpbkinfoModelExample" >
    select
    <if test="distinct" >
      distinct
    </if>
    'false' as QUERYID,
    <include refid="Base_Column_List" />
    from eqswpbkinfo
    <if test="_parameter != null" >
      <include refid="Example_Where_Clause" />
    </if>
    <if test="orderByClause != null" >
      order by ${orderByClause}
    </if>
  </select>
  <select id="selectByPrimaryKey" resultMap="ResultMapWithBLOBs" parameterType="java.lang.Integer" >
    select 
    <include refid="Base_Column_List" />
    ,
    <include refid="Blob_Column_List" />
    from eqswpbkinfo
    where ID = #{id,jdbcType=INTEGER}
  </select>
  <delete id="deleteByPrimaryKey" parameterType="java.lang.Integer" >
    delete from eqswpbkinfo
    where ID = #{id,jdbcType=INTEGER}
  </delete>
  <delete id="deleteByExample" parameterType="com.modules.eqswpbkinfo.model.EqswpbkinfoModelExample" >
    delete from eqswpbkinfo
    <if test="_parameter != null" >
      <include refid="Example_Where_Clause" />
    </if>
  </delete>
  <insert id="insert" parameterType="com.modules.eqswpbkinfo.model.EqswpbkinfoModelWithBLOBs" >
    insert into eqswpbkinfo (ID, TradeID, Leverage, 
      FundingRate, FundingCcy, FundResetFreq, 
      FundSettleDelay, DivResetFreq, DivSettleDelay, 
      EqResetFreq, EqSettleDelay, LastUpdateUser, 
      LastUpdateTime, FundResetDates, DivResetDates, 
      EqResetDatesSpots)
    values (#{id,jdbcType=INTEGER}, #{tradeid,jdbcType=VARCHAR}, #{leverage,jdbcType=DECIMAL}, 
      #{fundingrate,jdbcType=DECIMAL}, #{fundingccy,jdbcType=VARCHAR}, #{fundresetfreq,jdbcType=INTEGER}, 
      #{fundsettledelay,jdbcType=INTEGER}, #{divresetfreq,jdbcType=INTEGER}, #{divsettledelay,jdbcType=INTEGER}, 
      #{eqresetfreq,jdbcType=INTEGER}, #{eqsettledelay,jdbcType=INTEGER}, #{lastupdateuser,jdbcType=VARCHAR}, 
      #{lastupdatetime,jdbcType=TIMESTAMP}, #{fundresetdates,jdbcType=LONGVARCHAR}, #{divresetdates,jdbcType=LONGVARCHAR}, 
      #{eqresetdatesspots,jdbcType=LONGVARCHAR})
  </insert>
  <insert id="insertSelective" parameterType="com.modules.eqswpbkinfo.model.EqswpbkinfoModelWithBLOBs" >
    insert into eqswpbkinfo
    <trim prefix="(" suffix=")" suffixOverrides="," >
      <if test="id != null" >
        ID,
      </if>
      <if test="tradeid != null" >
        TradeID,
      </if>
      <if test="leverage != null" >
        Leverage,
      </if>
      <if test="fundingrate != null" >
        FundingRate,
      </if>
      <if test="fundingccy != null" >
        FundingCcy,
      </if>
      <if test="fundresetfreq != null" >
        FundResetFreq,
      </if>
      <if test="fundsettledelay != null" >
        FundSettleDelay,
      </if>
      <if test="divresetfreq != null" >
        DivResetFreq,
      </if>
      <if test="divsettledelay != null" >
        DivSettleDelay,
      </if>
      <if test="eqresetfreq != null" >
        EqResetFreq,
      </if>
      <if test="eqsettledelay != null" >
        EqSettleDelay,
      </if>
      <if test="lastupdateuser != null" >
        LastUpdateUser,
      </if>
      <if test="lastupdatetime != null" >
        LastUpdateTime,
      </if>
      <if test="fundresetdates != null" >
        FundResetDates,
      </if>
      <if test="divresetdates != null" >
        DivResetDates,
      </if>
      <if test="eqresetdatesspots != null" >
        EqResetDatesSpots,
      </if>
    </trim>
    <trim prefix="values (" suffix=")" suffixOverrides="," >
      <if test="id != null" >
        #{id,jdbcType=INTEGER},
      </if>
      <if test="tradeid != null" >
        #{tradeid,jdbcType=VARCHAR},
      </if>
      <if test="leverage != null" >
        #{leverage,jdbcType=DECIMAL},
      </if>
      <if test="fundingrate != null" >
        #{fundingrate,jdbcType=DECIMAL},
      </if>
      <if test="fundingccy != null" >
        #{fundingccy,jdbcType=VARCHAR},
      </if>
      <if test="fundresetfreq != null" >
        #{fundresetfreq,jdbcType=INTEGER},
      </if>
      <if test="fundsettledelay != null" >
        #{fundsettledelay,jdbcType=INTEGER},
      </if>
      <if test="divresetfreq != null" >
        #{divresetfreq,jdbcType=INTEGER},
      </if>
      <if test="divsettledelay != null" >
        #{divsettledelay,jdbcType=INTEGER},
      </if>
      <if test="eqresetfreq != null" >
        #{eqresetfreq,jdbcType=INTEGER},
      </if>
      <if test="eqsettledelay != null" >
        #{eqsettledelay,jdbcType=INTEGER},
      </if>
      <if test="lastupdateuser != null" >
        #{lastupdateuser,jdbcType=VARCHAR},
      </if>
      <if test="lastupdatetime != null" >
        #{lastupdatetime,jdbcType=TIMESTAMP},
      </if>
      <if test="fundresetdates != null" >
        #{fundresetdates,jdbcType=LONGVARCHAR},
      </if>
      <if test="divresetdates != null" >
        #{divresetdates,jdbcType=LONGVARCHAR},
      </if>
      <if test="eqresetdatesspots != null" >
        #{eqresetdatesspots,jdbcType=LONGVARCHAR},
      </if>
    </trim>
  </insert>
  <select id="countByExample" parameterType="com.modules.eqswpbkinfo.model.EqswpbkinfoModelExample" resultType="java.lang.Integer" >
    select count(*) from eqswpbkinfo
    <if test="_parameter != null" >
      <include refid="Example_Where_Clause" />
    </if>
  </select>
  <update id="updateByExampleSelective" parameterType="map" >
    update eqswpbkinfo
    <set >
      <if test="record.id != null" >
        ID = #{record.id,jdbcType=INTEGER},
      </if>
      <if test="record.tradeid != null" >
        TradeID = #{record.tradeid,jdbcType=VARCHAR},
      </if>
      <if test="record.leverage != null" >
        Leverage = #{record.leverage,jdbcType=DECIMAL},
      </if>
      <if test="record.fundingrate != null" >
        FundingRate = #{record.fundingrate,jdbcType=DECIMAL},
      </if>
      <if test="record.fundingccy != null" >
        FundingCcy = #{record.fundingccy,jdbcType=VARCHAR},
      </if>
      <if test="record.fundresetfreq != null" >
        FundResetFreq = #{record.fundresetfreq,jdbcType=INTEGER},
      </if>
      <if test="record.fundsettledelay != null" >
        FundSettleDelay = #{record.fundsettledelay,jdbcType=INTEGER},
      </if>
      <if test="record.divresetfreq != null" >
        DivResetFreq = #{record.divresetfreq,jdbcType=INTEGER},
      </if>
      <if test="record.divsettledelay != null" >
        DivSettleDelay = #{record.divsettledelay,jdbcType=INTEGER},
      </if>
      <if test="record.eqresetfreq != null" >
        EqResetFreq = #{record.eqresetfreq,jdbcType=INTEGER},
      </if>
      <if test="record.eqsettledelay != null" >
        EqSettleDelay = #{record.eqsettledelay,jdbcType=INTEGER},
      </if>
      <if test="record.lastupdateuser != null" >
        LastUpdateUser = #{record.lastupdateuser,jdbcType=VARCHAR},
      </if>
      <if test="record.lastupdatetime != null" >
        LastUpdateTime = #{record.lastupdatetime,jdbcType=TIMESTAMP},
      </if>
      <if test="record.fundresetdates != null" >
        FundResetDates = #{record.fundresetdates,jdbcType=LONGVARCHAR},
      </if>
      <if test="record.divresetdates != null" >
        DivResetDates = #{record.divresetdates,jdbcType=LONGVARCHAR},
      </if>
      <if test="record.eqresetdatesspots != null" >
        EqResetDatesSpots = #{record.eqresetdatesspots,jdbcType=LONGVARCHAR},
      </if>
    </set>
    <if test="_parameter != null" >
      <include refid="Update_By_Example_Where_Clause" />
    </if>
  </update>
  <update id="updateByExampleWithBLOBs" parameterType="map" >
    update eqswpbkinfo
    set ID = #{record.id,jdbcType=INTEGER},
      TradeID = #{record.tradeid,jdbcType=VARCHAR},
      Leverage = #{record.leverage,jdbcType=DECIMAL},
      FundingRate = #{record.fundingrate,jdbcType=DECIMAL},
      FundingCcy = #{record.fundingccy,jdbcType=VARCHAR},
      FundResetFreq = #{record.fundresetfreq,jdbcType=INTEGER},
      FundSettleDelay = #{record.fundsettledelay,jdbcType=INTEGER},
      DivResetFreq = #{record.divresetfreq,jdbcType=INTEGER},
      DivSettleDelay = #{record.divsettledelay,jdbcType=INTEGER},
      EqResetFreq = #{record.eqresetfreq,jdbcType=INTEGER},
      EqSettleDelay = #{record.eqsettledelay,jdbcType=INTEGER},
      LastUpdateUser = #{record.lastupdateuser,jdbcType=VARCHAR},
      LastUpdateTime = #{record.lastupdatetime,jdbcType=TIMESTAMP},
      FundResetDates = #{record.fundresetdates,jdbcType=LONGVARCHAR},
      DivResetDates = #{record.divresetdates,jdbcType=LONGVARCHAR},
      EqResetDatesSpots = #{record.eqresetdatesspots,jdbcType=LONGVARCHAR}
    <if test="_parameter != null" >
      <include refid="Update_By_Example_Where_Clause" />
    </if>
  </update>
  <update id="updateByExample" parameterType="map" >
    update eqswpbkinfo
    set ID = #{record.id,jdbcType=INTEGER},
      TradeID = #{record.tradeid,jdbcType=VARCHAR},
      Leverage = #{record.leverage,jdbcType=DECIMAL},
      FundingRate = #{record.fundingrate,jdbcType=DECIMAL},
      FundingCcy = #{record.fundingccy,jdbcType=VARCHAR},
      FundResetFreq = #{record.fundresetfreq,jdbcType=INTEGER},
      FundSettleDelay = #{record.fundsettledelay,jdbcType=INTEGER},
      DivResetFreq = #{record.divresetfreq,jdbcType=INTEGER},
      DivSettleDelay = #{record.divsettledelay,jdbcType=INTEGER},
      EqResetFreq = #{record.eqresetfreq,jdbcType=INTEGER},
      EqSettleDelay = #{record.eqsettledelay,jdbcType=INTEGER},
      LastUpdateUser = #{record.lastupdateuser,jdbcType=VARCHAR},
      LastUpdateTime = #{record.lastupdatetime,jdbcType=TIMESTAMP}
    <if test="_parameter != null" >
      <include refid="Update_By_Example_Where_Clause" />
    </if>
  </update>
  <update id="updateByPrimaryKeySelective" parameterType="com.modules.eqswpbkinfo.model.EqswpbkinfoModelWithBLOBs" >
    update eqswpbkinfo
    <set >
      <if test="tradeid != null" >
        TradeID = #{tradeid,jdbcType=VARCHAR},
      </if>
      <if test="leverage != null" >
        Leverage = #{leverage,jdbcType=DECIMAL},
      </if>
      <if test="fundingrate != null" >
        FundingRate = #{fundingrate,jdbcType=DECIMAL},
      </if>
      <if test="fundingccy != null" >
        FundingCcy = #{fundingccy,jdbcType=VARCHAR},
      </if>
      <if test="fundresetfreq != null" >
        FundResetFreq = #{fundresetfreq,jdbcType=INTEGER},
      </if>
      <if test="fundsettledelay != null" >
        FundSettleDelay = #{fundsettledelay,jdbcType=INTEGER},
      </if>
      <if test="divresetfreq != null" >
        DivResetFreq = #{divresetfreq,jdbcType=INTEGER},
      </if>
      <if test="divsettledelay != null" >
        DivSettleDelay = #{divsettledelay,jdbcType=INTEGER},
      </if>
      <if test="eqresetfreq != null" >
        EqResetFreq = #{eqresetfreq,jdbcType=INTEGER},
      </if>
      <if test="eqsettledelay != null" >
        EqSettleDelay = #{eqsettledelay,jdbcType=INTEGER},
      </if>
      <if test="lastupdateuser != null" >
        LastUpdateUser = #{lastupdateuser,jdbcType=VARCHAR},
      </if>
      <if test="lastupdatetime != null" >
        LastUpdateTime = #{lastupdatetime,jdbcType=TIMESTAMP},
      </if>
      <if test="fundresetdates != null" >
        FundResetDates = #{fundresetdates,jdbcType=LONGVARCHAR},
      </if>
      <if test="divresetdates != null" >
        DivResetDates = #{divresetdates,jdbcType=LONGVARCHAR},
      </if>
      <if test="eqresetdatesspots != null" >
        EqResetDatesSpots = #{eqresetdatesspots,jdbcType=LONGVARCHAR},
      </if>
    </set>
    where ID = #{id,jdbcType=INTEGER}
  </update>
  <update id="updateByPrimaryKeyWithBLOBs" parameterType="com.modules.eqswpbkinfo.model.EqswpbkinfoModelWithBLOBs" >
    update eqswpbkinfo
    set TradeID = #{tradeid,jdbcType=VARCHAR},
      Leverage = #{leverage,jdbcType=DECIMAL},
      FundingRate = #{fundingrate,jdbcType=DECIMAL},
      FundingCcy = #{fundingccy,jdbcType=VARCHAR},
      FundResetFreq = #{fundresetfreq,jdbcType=INTEGER},
      FundSettleDelay = #{fundsettledelay,jdbcType=INTEGER},
      DivResetFreq = #{divresetfreq,jdbcType=INTEGER},
      DivSettleDelay = #{divsettledelay,jdbcType=INTEGER},
      EqResetFreq = #{eqresetfreq,jdbcType=INTEGER},
      EqSettleDelay = #{eqsettledelay,jdbcType=INTEGER},
      LastUpdateUser = #{lastupdateuser,jdbcType=VARCHAR},
      LastUpdateTime = #{lastupdatetime,jdbcType=TIMESTAMP},
      FundResetDates = #{fundresetdates,jdbcType=LONGVARCHAR},
      DivResetDates = #{divresetdates,jdbcType=LONGVARCHAR},
      EqResetDatesSpots = #{eqresetdatesspots,jdbcType=LONGVARCHAR}
    where ID = #{id,jdbcType=INTEGER}
  </update>
  <update id="updateByPrimaryKey" parameterType="com.modules.eqswpbkinfo.model.EqswpbkinfoModel" >
    update eqswpbkinfo
    set TradeID = #{tradeid,jdbcType=VARCHAR},
      Leverage = #{leverage,jdbcType=DECIMAL},
      FundingRate = #{fundingrate,jdbcType=DECIMAL},
      FundingCcy = #{fundingccy,jdbcType=VARCHAR},
      FundResetFreq = #{fundresetfreq,jdbcType=INTEGER},
      FundSettleDelay = #{fundsettledelay,jdbcType=INTEGER},
      DivResetFreq = #{divresetfreq,jdbcType=INTEGER},
      DivSettleDelay = #{divsettledelay,jdbcType=INTEGER},
      EqResetFreq = #{eqresetfreq,jdbcType=INTEGER},
      EqSettleDelay = #{eqsettledelay,jdbcType=INTEGER},
      LastUpdateUser = #{lastupdateuser,jdbcType=VARCHAR},
      LastUpdateTime = #{lastupdatetime,jdbcType=TIMESTAMP}
    where ID = #{id,jdbcType=INTEGER}
  </update>
</mapper>