<?xml version="1.0" encoding="UTF-8" ?>
<!DOCTYPE mapper PUBLIC "-//mybatis.org//DTD Mapper 3.0//EN" "http://mybatis.org/dtd/mybatis-3-mapper.dtd" >
<mapper namespace="com.modules.codecatalog.dao.CodecatalogModelMapper" >
  <resultMap id="BaseResultMap" type="com.modules.codecatalog.model.CodecatalogModel" >
    <id column="ID" property="id" jdbcType="INTEGER" />
    <result column="ItemNo" property="itemno" jdbcType="INTEGER" />
    <result column="ItemName" property="itemname" jdbcType="VARCHAR" />
    <result column="ItemDesc" property="itemdesc" jdbcType="VARCHAR" />
    <result column="Remark" property="remark" jdbcType="VARCHAR" />
    <result column="LastUpdateUser" property="lastupdateuser" jdbcType="VARCHAR" />
    <result column="LastUpdateTime" property="lastupdatetime" jdbcType="TIMESTAMP" />
  </resultMap>
  <sql id="Example_Where_Clause" >
    <where >
      <foreach collection="oredCriteria" item="criteria" separator="or" >
        <if test="criteria.valid" >
          <trim prefix="(" suffix=")" prefixOverrides="and" >
            <foreach collection="criteria.criteria" item="criterion" >
              <choose >
                <when test="criterion.noValue" >
                  and ${criterion.condition}
                </when>
                <when test="criterion.singleValue" >
                  and ${criterion.condition} #{criterion.value}
                </when>
                <when test="criterion.betweenValue" >
                  and ${criterion.condition} #{criterion.value} and #{criterion.secondValue}
                </when>
                <when test="criterion.listValue" >
                  and ${criterion.condition}
                  <foreach collection="criterion.value" item="listItem" open="(" close=")" separator="," >
                    #{listItem}
                  </foreach>
                </when>
              </choose>
            </foreach>
          </trim>
        </if>
      </foreach>
    </where>
  </sql>
  <sql id="Update_By_Example_Where_Clause" >
    <where >
      <foreach collection="example.oredCriteria" item="criteria" separator="or" >
        <if test="criteria.valid" >
          <trim prefix="(" suffix=")" prefixOverrides="and" >
            <foreach collection="criteria.criteria" item="criterion" >
              <choose >
                <when test="criterion.noValue" >
                  and ${criterion.condition}
                </when>
                <when test="criterion.singleValue" >
                  and ${criterion.condition} #{criterion.value}
                </when>
                <when test="criterion.betweenValue" >
                  and ${criterion.condition} #{criterion.value} and #{criterion.secondValue}
                </when>
                <when test="criterion.listValue" >
                  and ${criterion.condition}
                  <foreach collection="criterion.value" item="listItem" open="(" close=")" separator="," >
                    #{listItem}
                  </foreach>
                </when>
              </choose>
            </foreach>
          </trim>
        </if>
      </foreach>
    </where>
  </sql>
  <sql id="Base_Column_List" >
    ID, ItemNo, ItemName, ItemDesc, Remark, LastUpdateUser, LastUpdateTime
  </sql>
  <select id="selectByExample" resultMap="BaseResultMap" parameterType="com.modules.codecatalog.model.CodecatalogModelExample" >
    select
    <if test="distinct" >
      distinct
    </if>
    'false' as QUERYID,
    <include refid="Base_Column_List" />
    from codecatalog
    <if test="_parameter != null" >
      <include refid="Example_Where_Clause" />
    </if>
    <if test="orderByClause != null" >
      order by ${orderByClause}
    </if>
  </select>
  <select id="selectByPrimaryKey" resultMap="BaseResultMap" parameterType="java.lang.Integer" >
    select 
    <include refid="Base_Column_List" />
    from codecatalog
    where ID = #{id,jdbcType=INTEGER}
  </select>
  <delete id="deleteByPrimaryKey" parameterType="java.lang.Integer" >
    delete from codecatalog
    where ID = #{id,jdbcType=INTEGER}
  </delete>
  <delete id="deleteByExample" parameterType="com.modules.codecatalog.model.CodecatalogModelExample" >
    delete from codecatalog
    <if test="_parameter != null" >
      <include refid="Example_Where_Clause" />
    </if>
  </delete>
  <insert id="insert" parameterType="com.modules.codecatalog.model.CodecatalogModel" >
    insert into codecatalog (ID, ItemNo, ItemName, 
      ItemDesc, Remark, LastUpdateUser, 
      LastUpdateTime)
    values (#{id,jdbcType=INTEGER}, #{itemno,jdbcType=INTEGER}, #{itemname,jdbcType=VARCHAR}, 
      #{itemdesc,jdbcType=VARCHAR}, #{remark,jdbcType=VARCHAR}, #{lastupdateuser,jdbcType=VARCHAR}, 
      #{lastupdatetime,jdbcType=TIMESTAMP})
  </insert>
  <insert id="insertSelective" parameterType="com.modules.codecatalog.model.CodecatalogModel" >
    insert into codecatalog
    <trim prefix="(" suffix=")" suffixOverrides="," >
      <if test="id != null" >
        ID,
      </if>
      <if test="itemno != null" >
        ItemNo,
      </if>
      <if test="itemname != null" >
        ItemName,
      </if>
      <if test="itemdesc != null" >
        ItemDesc,
      </if>
      <if test="remark != null" >
        Remark,
      </if>
      <if test="lastupdateuser != null" >
        LastUpdateUser,
      </if>
      <if test="lastupdatetime != null" >
        LastUpdateTime,
      </if>
    </trim>
    <trim prefix="values (" suffix=")" suffixOverrides="," >
      <if test="id != null" >
        #{id,jdbcType=INTEGER},
      </if>
      <if test="itemno != null" >
        #{itemno,jdbcType=INTEGER},
      </if>
      <if test="itemname != null" >
        #{itemname,jdbcType=VARCHAR},
      </if>
      <if test="itemdesc != null" >
        #{itemdesc,jdbcType=VARCHAR},
      </if>
      <if test="remark != null" >
        #{remark,jdbcType=VARCHAR},
      </if>
      <if test="lastupdateuser != null" >
        #{lastupdateuser,jdbcType=VARCHAR},
      </if>
      <if test="lastupdatetime != null" >
        #{lastupdatetime,jdbcType=TIMESTAMP},
      </if>
    </trim>
  </insert>
  <select id="countByExample" parameterType="com.modules.codecatalog.model.CodecatalogModelExample" resultType="java.lang.Integer" >
    select count(*) from codecatalog
    <if test="_parameter != null" >
      <include refid="Example_Where_Clause" />
    </if>
  </select>
  <update id="updateByExampleSelective" parameterType="map" >
    update codecatalog
    <set >
      <if test="record.id != null" >
        ID = #{record.id,jdbcType=INTEGER},
      </if>
      <if test="record.itemno != null" >
        ItemNo = #{record.itemno,jdbcType=INTEGER},
      </if>
      <if test="record.itemname != null" >
        ItemName = #{record.itemname,jdbcType=VARCHAR},
      </if>
      <if test="record.itemdesc != null" >
        ItemDesc = #{record.itemdesc,jdbcType=VARCHAR},
      </if>
      <if test="record.remark != null" >
        Remark = #{record.remark,jdbcType=VARCHAR},
      </if>
      <if test="record.lastupdateuser != null" >
        LastUpdateUser = #{record.lastupdateuser,jdbcType=VARCHAR},
      </if>
      <if test="record.lastupdatetime != null" >
        LastUpdateTime = #{record.lastupdatetime,jdbcType=TIMESTAMP},
      </if>
    </set>
    <if test="_parameter != null" >
      <include refid="Update_By_Example_Where_Clause" />
    </if>
  </update>
  <update id="updateByExample" parameterType="map" >
    update codecatalog
    set ID = #{record.id,jdbcType=INTEGER},
      ItemNo = #{record.itemno,jdbcType=INTEGER},
      ItemName = #{record.itemname,jdbcType=VARCHAR},
      ItemDesc = #{record.itemdesc,jdbcType=VARCHAR},
      Remark = #{record.remark,jdbcType=VARCHAR},
      LastUpdateUser = #{record.lastupdateuser,jdbcType=VARCHAR},
      LastUpdateTime = #{record.lastupdatetime,jdbcType=TIMESTAMP}
    <if test="_parameter != null" >
      <include refid="Update_By_Example_Where_Clause" />
    </if>
  </update>
  <update id="updateByPrimaryKeySelective" parameterType="com.modules.codecatalog.model.CodecatalogModel" >
    update codecatalog
    <set >
      <if test="itemno != null" >
        ItemNo = #{itemno,jdbcType=INTEGER},
      </if>
      <if test="itemname != null" >
        ItemName = #{itemname,jdbcType=VARCHAR},
      </if>
      <if test="itemdesc != null" >
        ItemDesc = #{itemdesc,jdbcType=VARCHAR},
      </if>
      <if test="remark != null" >
        Remark = #{remark,jdbcType=VARCHAR},
      </if>
      <if test="lastupdateuser != null" >
        LastUpdateUser = #{lastupdateuser,jdbcType=VARCHAR},
      </if>
      <if test="lastupdatetime != null" >
        LastUpdateTime = #{lastupdatetime,jdbcType=TIMESTAMP},
      </if>
    </set>
    where ID = #{id,jdbcType=INTEGER}
  </update>
  <update id="updateByPrimaryKey" parameterType="com.modules.codecatalog.model.CodecatalogModel" >
    update codecatalog
    set ItemNo = #{itemno,jdbcType=INTEGER},
      ItemName = #{itemname,jdbcType=VARCHAR},
      ItemDesc = #{itemdesc,jdbcType=VARCHAR},
      Remark = #{remark,jdbcType=VARCHAR},
      LastUpdateUser = #{lastupdateuser,jdbcType=VARCHAR},
      LastUpdateTime = #{lastupdatetime,jdbcType=TIMESTAMP}
    where ID = #{id,jdbcType=INTEGER}
  </update>
</mapper>