<?xml version="1.0" encoding="UTF-8" ?>
<!DOCTYPE mapper PUBLIC "-//mybatis.org//DTD Mapper 3.0//EN" "http://mybatis.org/dtd/mybatis-3-mapper.dtd" >
<mapper namespace="com.modules.datamovetest.dao.DatamovetestModelMapper" >
  <resultMap id="BaseResultMap" type="com.modules.datamovetest.model.DatamovetestModel" >
    <id column="id" property="id" jdbcType="INTEGER" />
    <result column="name" property="name" jdbcType="VARCHAR" />
    <result column="money" property="money" jdbcType="DECIMAL" />
    <result column="op" property="op" jdbcType="TINYINT" />
    <result column="nu" property="nu" jdbcType="INTEGER" />
    <result column="dtime" property="dtime" jdbcType="TIMESTAMP" />
    <result column="ddate" property="ddate" jdbcType="DATE" />
  </resultMap>
  <sql id="Example_Where_Clause" >
    <where >
      <foreach collection="oredCriteria" item="criteria" separator="or" >
        <if test="criteria.valid" >
          <trim prefix="(" suffix=")" prefixOverrides="and" >
            <foreach collection="criteria.criteria" item="criterion" >
              <choose >
                <when test="criterion.noValue" >
                  and ${criterion.condition}
                </when>
                <when test="criterion.singleValue" >
                  and ${criterion.condition} #{criterion.value}
                </when>
                <when test="criterion.betweenValue" >
                  and ${criterion.condition} #{criterion.value} and #{criterion.secondValue}
                </when>
                <when test="criterion.listValue" >
                  and ${criterion.condition}
                  <foreach collection="criterion.value" item="listItem" open="(" close=")" separator="," >
                    #{listItem}
                  </foreach>
                </when>
              </choose>
            </foreach>
          </trim>
        </if>
      </foreach>
    </where>
  </sql>
  <sql id="Update_By_Example_Where_Clause" >
    <where >
      <foreach collection="example.oredCriteria" item="criteria" separator="or" >
        <if test="criteria.valid" >
          <trim prefix="(" suffix=")" prefixOverrides="and" >
            <foreach collection="criteria.criteria" item="criterion" >
              <choose >
                <when test="criterion.noValue" >
                  and ${criterion.condition}
                </when>
                <when test="criterion.singleValue" >
                  and ${criterion.condition} #{criterion.value}
                </when>
                <when test="criterion.betweenValue" >
                  and ${criterion.condition} #{criterion.value} and #{criterion.secondValue}
                </when>
                <when test="criterion.listValue" >
                  and ${criterion.condition}
                  <foreach collection="criterion.value" item="listItem" open="(" close=")" separator="," >
                    #{listItem}
                  </foreach>
                </when>
              </choose>
            </foreach>
          </trim>
        </if>
      </foreach>
    </where>
  </sql>
  <sql id="Base_Column_List" >
    id, name, money, op, nu, dtime, ddate
  </sql>
  <select id="selectByExample" resultMap="BaseResultMap" parameterType="com.modules.datamovetest.model.DatamovetestModelExample" >
    select
    <if test="distinct" >
      distinct
    </if>
    'false' as QUERYID,
    <include refid="Base_Column_List" />
    from datamovetest
    <if test="_parameter != null" >
      <include refid="Example_Where_Clause" />
    </if>
    <if test="orderByClause != null" >
      order by ${orderByClause}
    </if>
  </select>
  <select id="selectByPrimaryKey" resultMap="BaseResultMap" parameterType="java.lang.Integer" >
    select 
    <include refid="Base_Column_List" />
    from datamovetest
    where id = #{id,jdbcType=INTEGER}
  </select>
  <delete id="deleteByPrimaryKey" parameterType="java.lang.Integer" >
    delete from datamovetest
    where id = #{id,jdbcType=INTEGER}
  </delete>
  <delete id="deleteByExample" parameterType="com.modules.datamovetest.model.DatamovetestModelExample" >
    delete from datamovetest
    <if test="_parameter != null" >
      <include refid="Example_Where_Clause" />
    </if>
  </delete>
  <insert id="insert" parameterType="com.modules.datamovetest.model.DatamovetestModel" >
    insert into datamovetest (id, name, money, 
      op, nu, dtime, ddate
      )
    values (#{id,jdbcType=INTEGER}, #{name,jdbcType=VARCHAR}, #{money,jdbcType=DECIMAL}, 
      #{op,jdbcType=TINYINT}, #{nu,jdbcType=INTEGER}, #{dtime,jdbcType=TIMESTAMP}, #{ddate,jdbcType=DATE}
      )
  </insert>
  <insert id="insertSelective" parameterType="com.modules.datamovetest.model.DatamovetestModel" >
    insert into datamovetest
    <trim prefix="(" suffix=")" suffixOverrides="," >
      <if test="id != null" >
        id,
      </if>
      <if test="name != null" >
        name,
      </if>
      <if test="money != null" >
        money,
      </if>
      <if test="op != null" >
        op,
      </if>
      <if test="nu != null" >
        nu,
      </if>
      <if test="dtime != null" >
        dtime,
      </if>
      <if test="ddate != null" >
        ddate,
      </if>
    </trim>
    <trim prefix="values (" suffix=")" suffixOverrides="," >
      <if test="id != null" >
        #{id,jdbcType=INTEGER},
      </if>
      <if test="name != null" >
        #{name,jdbcType=VARCHAR},
      </if>
      <if test="money != null" >
        #{money,jdbcType=DECIMAL},
      </if>
      <if test="op != null" >
        #{op,jdbcType=TINYINT},
      </if>
      <if test="nu != null" >
        #{nu,jdbcType=INTEGER},
      </if>
      <if test="dtime != null" >
        #{dtime,jdbcType=TIMESTAMP},
      </if>
      <if test="ddate != null" >
        #{ddate,jdbcType=DATE},
      </if>
    </trim>
  </insert>
  <select id="countByExample" parameterType="com.modules.datamovetest.model.DatamovetestModelExample" resultType="java.lang.Integer" >
    select count(*) from datamovetest
    <if test="_parameter != null" >
      <include refid="Example_Where_Clause" />
    </if>
  </select>
  <update id="updateByExampleSelective" parameterType="map" >
    update datamovetest
    <set >
      <if test="record.id != null" >
        id = #{record.id,jdbcType=INTEGER},
      </if>
      <if test="record.name != null" >
        name = #{record.name,jdbcType=VARCHAR},
      </if>
      <if test="record.money != null" >
        money = #{record.money,jdbcType=DECIMAL},
      </if>
      <if test="record.op != null" >
        op = #{record.op,jdbcType=TINYINT},
      </if>
      <if test="record.nu != null" >
        nu = #{record.nu,jdbcType=INTEGER},
      </if>
      <if test="record.dtime != null" >
        dtime = #{record.dtime,jdbcType=TIMESTAMP},
      </if>
      <if test="record.ddate != null" >
        ddate = #{record.ddate,jdbcType=DATE},
      </if>
    </set>
    <if test="_parameter != null" >
      <include refid="Update_By_Example_Where_Clause" />
    </if>
  </update>
  <update id="updateByExample" parameterType="map" >
    update datamovetest
    set id = #{record.id,jdbcType=INTEGER},
      name = #{record.name,jdbcType=VARCHAR},
      money = #{record.money,jdbcType=DECIMAL},
      op = #{record.op,jdbcType=TINYINT},
      nu = #{record.nu,jdbcType=INTEGER},
      dtime = #{record.dtime,jdbcType=TIMESTAMP},
      ddate = #{record.ddate,jdbcType=DATE}
    <if test="_parameter != null" >
      <include refid="Update_By_Example_Where_Clause" />
    </if>
  </update>
  <update id="updateByPrimaryKeySelective" parameterType="com.modules.datamovetest.model.DatamovetestModel" >
    update datamovetest
    <set >
      <if test="name != null" >
        name = #{name,jdbcType=VARCHAR},
      </if>
      <if test="money != null" >
        money = #{money,jdbcType=DECIMAL},
      </if>
      <if test="op != null" >
        op = #{op,jdbcType=TINYINT},
      </if>
      <if test="nu != null" >
        nu = #{nu,jdbcType=INTEGER},
      </if>
      <if test="dtime != null" >
        dtime = #{dtime,jdbcType=TIMESTAMP},
      </if>
      <if test="ddate != null" >
        ddate = #{ddate,jdbcType=DATE},
      </if>
    </set>
    where id = #{id,jdbcType=INTEGER}
  </update>
  <update id="updateByPrimaryKey" parameterType="com.modules.datamovetest.model.DatamovetestModel" >
    update datamovetest
    set name = #{name,jdbcType=VARCHAR},
      money = #{money,jdbcType=DECIMAL},
      op = #{op,jdbcType=TINYINT},
      nu = #{nu,jdbcType=INTEGER},
      dtime = #{dtime,jdbcType=TIMESTAMP},
      ddate = #{ddate,jdbcType=DATE}
    where id = #{id,jdbcType=INTEGER}
  </update>
</mapper>