<?xml version="1.0" encoding="UTF-8"?>
<!DOCTYPE generatorConfiguration PUBLIC "-//mybatis.org//DTD MyBatis Generator Configuration 1.0//EN" "http://mybatis.org/dtd/mybatis-generator-config_1_0.dtd">
<generatorConfiguration>
  <classPathEntry
		location="D:\JavaTools\mavenRepos\repository\mysql\mysql-connector-java\5.1.40\mysql-connector-java-5.1.40.jar" />

	<!-- <classPathEntry -->
	<!-- location="D:\Software\Lib\ojdbc6.jar" /> -->


	<context id="KTPDATA" targetRuntime="MyBatis3">

		<!-- <property name="" value="" /> -->
		<!-- <plugin type=""></plugin> -->
		
	<!-- 去掉生成出来的代码的注解 -->
		<commentGenerator>
			<property name="suppressDate" value="true"/>
			<property name="suppressAllComments" value="true"/>
		</commentGenerator>

		<jdbcConnection driverClass="com.mysql.jdbc.Driver"
			connectionURL="jdbc:mysql://168.61.2.10:3306/ktp?zeroDateTimeBehavior=convertToNull&amp;useUnicode=true&amp;characterEncoding=utf-8"
			userId="ktp" password="ktp9527">
		</jdbcConnection>

		<!-- 是否使用bigDecimal， false可自动转化以下类型（Long, Integer, Short, etc.） --> 
		<javaTypeResolver>
			<property name="forceBigDecimals" value="true"/>
		</javaTypeResolver>
		
		<!--生成Model类存放位置-->
		<javaModelGenerator targetPackage="com.huatai.cube.rms.modules.cashflow.model" targetProject="src/main/java">
			<property name="enableSubPackages" value="true"/>
			<property name="trimStrings" value="true"/>
		</javaModelGenerator> 
		
		<!--生成映射文件存放位置-->
		<sqlMapGenerator targetPackage="com.huatai.cube.rms.modules.cashflow.mapper" targetProject="src/main/java">
			<property name="enableSubPackages" value="true"/>
		</sqlMapGenerator>
		<!--生成Dao类存放位置-->
		<!-- 客户端代码，生成易于使用的针对Model对象和XML配置文件 的代码
				type="ANNOTATEDMAPPER",生成Java Model 和基于注解的Mapper对象
				type="MIXEDMAPPER",生成基于注解的Java Model 和相应的Mapper对象
				type="XMLMAPPER",生成SQLMap XML文件和独立的Mapper接口-->
		<javaClientGenerator type="XMLMAPPER" targetPackage="com.huatai.cube.rms.modules.cashflow.dao" targetProject="src/main/java">
			<property name="enableSubPackages" value="true"/>
		</javaClientGenerator>
		
		<!--询价记录表-->
		<table tableName="CashFlow" domainObjectName="CashFlowModel" enableCountByExample="true"
			   enableUpdateByExample="true" enableDeleteByExample="true"
			   enableSelectByExample="true" selectByExampleQueryId="false"></table>
	</context>
</generatorConfiguration>