<?xml version="1.0" encoding="UTF-8"?>
<!DOCTYPE configuration PUBLIC "-//mybatis.org//DTD Config 3.0//EN" "http://mybatis.org/dtd/mybatis-3-config.dtd">
<configuration>
     <environments default="development">
         <environment id="development">
             <transactionManager type="JDBC" />
             <!-- 配置数据库连接信息 -->
            <dataSource type="POOLED">
                 <property name="driver" value="com.mysql.jdbc.Driver" />
                <property name="url" value="jdbc:mysql://localhost:3306/ktp" />
               <property name="username" value="ktp" />
                <property name="password" value="ktp9527" />
             </dataSource>
         </environment>
     </environments>
     
</configuration>