<?xml version="1.0" encoding="UTF-8"?>
<!DOCTYPE generatorConfiguration
		PUBLIC "-//mybatis.org//DTD MyBatis Generator Configuration 1.0//EN"
		"http://mybatis.org/dtd/mybatis-generator-config_1_0.dtd">
<generatorConfiguration>
	<!-- 引入配置文件 -->  
	<properties resource="application.properties"/>  
	
	<context id="KTPDATA"	targetRuntime="MyBatis3">
		<commentGenerator>
			<property name="suppressDate" value="true"/>
			<property name="suppressAllComments" value="true"/>
		</commentGenerator>
		
		<!--数据库链接地址账号密码-->
		<jdbcConnection driverClass="${jdbc.driverClassName}" connectionURL="${jdbc.strategy.url}" userId="${jdbc.strategy.username}" password="${jdbc.strategy.password}"></jdbcConnection>
		
		<!-- 是否使用bigDecimal， false可自动转化以下类型（Long, Integer, Short, etc.） --> 
		<javaTypeResolver>
			<property name="forceBigDecimals" value="false"/>
		</javaTypeResolver>
		
		<!--生成Model类存放位置-->
		<javaModelGenerator targetPackage="com.huatai.cube.rms.modules.collateral.model" targetProject="src/main/java">
			<property name="enableSubPackages" value="true"/>
			<property name="trimStrings" value="true"/>
		</javaModelGenerator> 
		
		<!--生成映射文件存放位置-->
		<sqlMapGenerator targetPackage="com.huatai.cube.rms.service.modules.collateral.mapper" targetProject="src/main/java">
			<property name="enableSubPackages" value="true"/>
		</sqlMapGenerator>
		<!--生成Dao类存放位置-->
		<!-- 客户端代码，生成易于使用的针对Model对象和XML配置文件 的代码
				type="ANNOTATEDMAPPER",生成Java Model 和基于注解的Mapper对象
				type="MIXEDMAPPER",生成基于注解的Java Model 和相应的Mapper对象
				type="XMLMAPPER",生成SQLMap XML文件和独立的Mapper接口-->
		<javaClientGenerator type="XMLMAPPER" targetPackage="com.huatai.cube.rms.modules.collateral.dao" targetProject="src/main/java">
			<property name="enableSubPackages" value="true"/>
		</javaClientGenerator>
		
		<!--担保总览表-->
		<table tableName="CollateralSummary" domainObjectName="CollateralSummaryModel" enableCountByExample="true" enableUpdateByExample="false" enableDeleteByExample="false" enableSelectByExample="true" selectByExampleQueryId="false"></table>
		
	</context>
</generatorConfiguration>