<?xml version="1.0" encoding="UTF-8"?>
<!DOCTYPE configuration
		PUBLIC "-//mybatis.org//DTD Config 3.0//EN"
		"http://mybatis.org/dtd/mybatis-3-config.dtd">
<configuration>
	<settings>
		<setting name="logImpl" value="LOG4J2" />  
	</settings>
	
	<plugins>
		<plugin interceptor="com.github.pagehelper.PageHelper">
			<property name="helperDialect" value="mysql"/>
			<property name="reasonable" value="true"/>
			<property name="supportMethodsArguments" value="true"/>
			<property name="params" value="count\=countSql;pageNum\=pageNumKey;pageSize\=pageSizeKey;"/>
		</plugin>
	</plugins>
</configuration>	