<?xml version="1.0" encoding="UTF-8" ?>
<!DOCTYPE mapper PUBLIC "-//mybatis.org//DTD Mapper 3.0//EN" "http://mybatis.org/dtd/mybatis-3-mapper.dtd" >
<mapper namespace="com.modules.cashflow.dao.CashflowModelMapper" >
  <resultMap id="BaseResultMap" type="com.modules.cashflow.model.CashflowModel" >
    <id column="ID" property="id" jdbcType="INTEGER" />
    <result column="SerialNo" property="serialno" jdbcType="VARCHAR" />
    <result column="TradeID" property="tradeid" jdbcType="VARCHAR" />
    <result column="ClientID" property="clientid" jdbcType="VARCHAR" />
    <result column="Date" property="date" jdbcType="DATE" />
    <result column="SettlementDate" property="settlementdate" jdbcType="DATE" />
    <result column="Currency" property="currency" jdbcType="VARCHAR" />
    <result column="BusinClass" property="businclass" jdbcType="INTEGER" />
    <result column="Amount" property="amount" jdbcType="DECIMAL" />
    <result column="IsMargin" property="ismargin" jdbcType="BIT" />
    <result column="IsSettled" property="issettled" jdbcType="BIT" />
    <result column="Status" property="status" jdbcType="INTEGER" />
    <result column="ErrorMessage" property="errormessage" jdbcType="VARCHAR" />
    <result column="Comment" property="comment" jdbcType="VARCHAR" />
    <result column="CheckOperator" property="checkoperator" jdbcType="VARCHAR" />
    <result column="CheckTime" property="checktime" jdbcType="TIMESTAMP" />
    <result column="SettleOperator" property="settleoperator" jdbcType="VARCHAR" />
    <result column="SettleTime" property="settletime" jdbcType="TIMESTAMP" />
    <result column="LastUpdateUser" property="lastupdateuser" jdbcType="VARCHAR" />
    <result column="LastUpdateTime" property="lastupdatetime" jdbcType="TIMESTAMP" />
  </resultMap>
  <sql id="Example_Where_Clause" >
    <where >
      <foreach collection="oredCriteria" item="criteria" separator="or" >
        <if test="criteria.valid" >
          <trim prefix="(" suffix=")" prefixOverrides="and" >
            <foreach collection="criteria.criteria" item="criterion" >
              <choose >
                <when test="criterion.noValue" >
                  and ${criterion.condition}
                </when>
                <when test="criterion.singleValue" >
                  and ${criterion.condition} #{criterion.value}
                </when>
                <when test="criterion.betweenValue" >
                  and ${criterion.condition} #{criterion.value} and #{criterion.secondValue}
                </when>
                <when test="criterion.listValue" >
                  and ${criterion.condition}
                  <foreach collection="criterion.value" item="listItem" open="(" close=")" separator="," >
                    #{listItem}
                  </foreach>
                </when>
              </choose>
            </foreach>
          </trim>
        </if>
      </foreach>
    </where>
  </sql>
  <sql id="Update_By_Example_Where_Clause" >
    <where >
      <foreach collection="example.oredCriteria" item="criteria" separator="or" >
        <if test="criteria.valid" >
          <trim prefix="(" suffix=")" prefixOverrides="and" >
            <foreach collection="criteria.criteria" item="criterion" >
              <choose >
                <when test="criterion.noValue" >
                  and ${criterion.condition}
                </when>
                <when test="criterion.singleValue" >
                  and ${criterion.condition} #{criterion.value}
                </when>
                <when test="criterion.betweenValue" >
                  and ${criterion.condition} #{criterion.value} and #{criterion.secondValue}
                </when>
                <when test="criterion.listValue" >
                  and ${criterion.condition}
                  <foreach collection="criterion.value" item="listItem" open="(" close=")" separator="," >
                    #{listItem}
                  </foreach>
                </when>
              </choose>
            </foreach>
          </trim>
        </if>
      </foreach>
    </where>
  </sql>
  <sql id="Base_Column_List" >
    ID, SerialNo, TradeID, ClientID, Date, SettlementDate, Currency, BusinClass, Amount, 
    IsMargin, IsSettled, Status, ErrorMessage, Comment, CheckOperator, CheckTime, SettleOperator, 
    SettleTime, LastUpdateUser, LastUpdateTime
  </sql>
  <select id="selectByExample" resultMap="BaseResultMap" parameterType="com.modules.cashflow.model.CashflowModelExample" >
    select
    <if test="distinct" >
      distinct
    </if>
    'false' as QUERYID,
    <include refid="Base_Column_List" />
    from cashflow
    <if test="_parameter != null" >
      <include refid="Example_Where_Clause" />
    </if>
    <if test="orderByClause != null" >
      order by ${orderByClause}
    </if>
  </select>
  <select id="selectByPrimaryKey" resultMap="BaseResultMap" parameterType="java.lang.Integer" >
    select 
    <include refid="Base_Column_List" />
    from cashflow
    where ID = #{id,jdbcType=INTEGER}
  </select>
  <delete id="deleteByPrimaryKey" parameterType="java.lang.Integer" >
    delete from cashflow
    where ID = #{id,jdbcType=INTEGER}
  </delete>
  <delete id="deleteByExample" parameterType="com.modules.cashflow.model.CashflowModelExample" >
    delete from cashflow
    <if test="_parameter != null" >
      <include refid="Example_Where_Clause" />
    </if>
  </delete>
  <insert id="insert" parameterType="com.modules.cashflow.model.CashflowModel" >
    insert into cashflow (ID, SerialNo, TradeID, 
      ClientID, Date, SettlementDate, 
      Currency, BusinClass, Amount, 
      IsMargin, IsSettled, Status, 
      ErrorMessage, Comment, CheckOperator, 
      CheckTime, SettleOperator, SettleTime, 
      LastUpdateUser, LastUpdateTime)
    values (#{id,jdbcType=INTEGER}, #{serialno,jdbcType=VARCHAR}, #{tradeid,jdbcType=VARCHAR}, 
      #{clientid,jdbcType=VARCHAR}, #{date,jdbcType=DATE}, #{settlementdate,jdbcType=DATE}, 
      #{currency,jdbcType=VARCHAR}, #{businclass,jdbcType=INTEGER}, #{amount,jdbcType=DECIMAL}, 
      #{ismargin,jdbcType=BIT}, #{issettled,jdbcType=BIT}, #{status,jdbcType=INTEGER}, 
      #{errormessage,jdbcType=VARCHAR}, #{comment,jdbcType=VARCHAR}, #{checkoperator,jdbcType=VARCHAR}, 
      #{checktime,jdbcType=TIMESTAMP}, #{settleoperator,jdbcType=VARCHAR}, #{settletime,jdbcType=TIMESTAMP}, 
      #{lastupdateuser,jdbcType=VARCHAR}, #{lastupdatetime,jdbcType=TIMESTAMP})
  </insert>
  <insert id="insertSelective" parameterType="com.modules.cashflow.model.CashflowModel" >
    insert into cashflow
    <trim prefix="(" suffix=")" suffixOverrides="," >
      <if test="id != null" >
        ID,
      </if>
      <if test="serialno != null" >
        SerialNo,
      </if>
      <if test="tradeid != null" >
        TradeID,
      </if>
      <if test="clientid != null" >
        ClientID,
      </if>
      <if test="date != null" >
        Date,
      </if>
      <if test="settlementdate != null" >
        SettlementDate,
      </if>
      <if test="currency != null" >
        Currency,
      </if>
      <if test="businclass != null" >
        BusinClass,
      </if>
      <if test="amount != null" >
        Amount,
      </if>
      <if test="ismargin != null" >
        IsMargin,
      </if>
      <if test="issettled != null" >
        IsSettled,
      </if>
      <if test="status != null" >
        Status,
      </if>
      <if test="errormessage != null" >
        ErrorMessage,
      </if>
      <if test="comment != null" >
        Comment,
      </if>
      <if test="checkoperator != null" >
        CheckOperator,
      </if>
      <if test="checktime != null" >
        CheckTime,
      </if>
      <if test="settleoperator != null" >
        SettleOperator,
      </if>
      <if test="settletime != null" >
        SettleTime,
      </if>
      <if test="lastupdateuser != null" >
        LastUpdateUser,
      </if>
      <if test="lastupdatetime != null" >
        LastUpdateTime,
      </if>
    </trim>
    <trim prefix="values (" suffix=")" suffixOverrides="," >
      <if test="id != null" >
        #{id,jdbcType=INTEGER},
      </if>
      <if test="serialno != null" >
        #{serialno,jdbcType=VARCHAR},
      </if>
      <if test="tradeid != null" >
        #{tradeid,jdbcType=VARCHAR},
      </if>
      <if test="clientid != null" >
        #{clientid,jdbcType=VARCHAR},
      </if>
      <if test="date != null" >
        #{date,jdbcType=DATE},
      </if>
      <if test="settlementdate != null" >
        #{settlementdate,jdbcType=DATE},
      </if>
      <if test="currency != null" >
        #{currency,jdbcType=VARCHAR},
      </if>
      <if test="businclass != null" >
        #{businclass,jdbcType=INTEGER},
      </if>
      <if test="amount != null" >
        #{amount,jdbcType=DECIMAL},
      </if>
      <if test="ismargin != null" >
        #{ismargin,jdbcType=BIT},
      </if>
      <if test="issettled != null" >
        #{issettled,jdbcType=BIT},
      </if>
      <if test="status != null" >
        #{status,jdbcType=INTEGER},
      </if>
      <if test="errormessage != null" >
        #{errormessage,jdbcType=VARCHAR},
      </if>
      <if test="comment != null" >
        #{comment,jdbcType=VARCHAR},
      </if>
      <if test="checkoperator != null" >
        #{checkoperator,jdbcType=VARCHAR},
      </if>
      <if test="checktime != null" >
        #{checktime,jdbcType=TIMESTAMP},
      </if>
      <if test="settleoperator != null" >
        #{settleoperator,jdbcType=VARCHAR},
      </if>
      <if test="settletime != null" >
        #{settletime,jdbcType=TIMESTAMP},
      </if>
      <if test="lastupdateuser != null" >
        #{lastupdateuser,jdbcType=VARCHAR},
      </if>
      <if test="lastupdatetime != null" >
        #{lastupdatetime,jdbcType=TIMESTAMP},
      </if>
    </trim>
  </insert>
  <select id="countByExample" parameterType="com.modules.cashflow.model.CashflowModelExample" resultType="java.lang.Integer" >
    select count(*) from cashflow
    <if test="_parameter != null" >
      <include refid="Example_Where_Clause" />
    </if>
  </select>
  <update id="updateByExampleSelective" parameterType="map" >
    update cashflow
    <set >
      <if test="record.id != null" >
        ID = #{record.id,jdbcType=INTEGER},
      </if>
      <if test="record.serialno != null" >
        SerialNo = #{record.serialno,jdbcType=VARCHAR},
      </if>
      <if test="record.tradeid != null" >
        TradeID = #{record.tradeid,jdbcType=VARCHAR},
      </if>
      <if test="record.clientid != null" >
        ClientID = #{record.clientid,jdbcType=VARCHAR},
      </if>
      <if test="record.date != null" >
        Date = #{record.date,jdbcType=DATE},
      </if>
      <if test="record.settlementdate != null" >
        SettlementDate = #{record.settlementdate,jdbcType=DATE},
      </if>
      <if test="record.currency != null" >
        Currency = #{record.currency,jdbcType=VARCHAR},
      </if>
      <if test="record.businclass != null" >
        BusinClass = #{record.businclass,jdbcType=INTEGER},
      </if>
      <if test="record.amount != null" >
        Amount = #{record.amount,jdbcType=DECIMAL},
      </if>
      <if test="record.ismargin != null" >
        IsMargin = #{record.ismargin,jdbcType=BIT},
      </if>
      <if test="record.issettled != null" >
        IsSettled = #{record.issettled,jdbcType=BIT},
      </if>
      <if test="record.status != null" >
        Status = #{record.status,jdbcType=INTEGER},
      </if>
      <if test="record.errormessage != null" >
        ErrorMessage = #{record.errormessage,jdbcType=VARCHAR},
      </if>
      <if test="record.comment != null" >
        Comment = #{record.comment,jdbcType=VARCHAR},
      </if>
      <if test="record.checkoperator != null" >
        CheckOperator = #{record.checkoperator,jdbcType=VARCHAR},
      </if>
      <if test="record.checktime != null" >
        CheckTime = #{record.checktime,jdbcType=TIMESTAMP},
      </if>
      <if test="record.settleoperator != null" >
        SettleOperator = #{record.settleoperator,jdbcType=VARCHAR},
      </if>
      <if test="record.settletime != null" >
        SettleTime = #{record.settletime,jdbcType=TIMESTAMP},
      </if>
      <if test="record.lastupdateuser != null" >
        LastUpdateUser = #{record.lastupdateuser,jdbcType=VARCHAR},
      </if>
      <if test="record.lastupdatetime != null" >
        LastUpdateTime = #{record.lastupdatetime,jdbcType=TIMESTAMP},
      </if>
    </set>
    <if test="_parameter != null" >
      <include refid="Update_By_Example_Where_Clause" />
    </if>
  </update>
  <update id="updateByExample" parameterType="map" >
    update cashflow
    set ID = #{record.id,jdbcType=INTEGER},
      SerialNo = #{record.serialno,jdbcType=VARCHAR},
      TradeID = #{record.tradeid,jdbcType=VARCHAR},
      ClientID = #{record.clientid,jdbcType=VARCHAR},
      Date = #{record.date,jdbcType=DATE},
      SettlementDate = #{record.settlementdate,jdbcType=DATE},
      Currency = #{record.currency,jdbcType=VARCHAR},
      BusinClass = #{record.businclass,jdbcType=INTEGER},
      Amount = #{record.amount,jdbcType=DECIMAL},
      IsMargin = #{record.ismargin,jdbcType=BIT},
      IsSettled = #{record.issettled,jdbcType=BIT},
      Status = #{record.status,jdbcType=INTEGER},
      ErrorMessage = #{record.errormessage,jdbcType=VARCHAR},
      Comment = #{record.comment,jdbcType=VARCHAR},
      CheckOperator = #{record.checkoperator,jdbcType=VARCHAR},
      CheckTime = #{record.checktime,jdbcType=TIMESTAMP},
      SettleOperator = #{record.settleoperator,jdbcType=VARCHAR},
      SettleTime = #{record.settletime,jdbcType=TIMESTAMP},
      LastUpdateUser = #{record.lastupdateuser,jdbcType=VARCHAR},
      LastUpdateTime = #{record.lastupdatetime,jdbcType=TIMESTAMP}
    <if test="_parameter != null" >
      <include refid="Update_By_Example_Where_Clause" />
    </if>
  </update>
  <update id="updateByPrimaryKeySelective" parameterType="com.modules.cashflow.model.CashflowModel" >
    update cashflow
    <set >
      <if test="serialno != null" >
        SerialNo = #{serialno,jdbcType=VARCHAR},
      </if>
      <if test="tradeid != null" >
        TradeID = #{tradeid,jdbcType=VARCHAR},
      </if>
      <if test="clientid != null" >
        ClientID = #{clientid,jdbcType=VARCHAR},
      </if>
      <if test="date != null" >
        Date = #{date,jdbcType=DATE},
      </if>
      <if test="settlementdate != null" >
        SettlementDate = #{settlementdate,jdbcType=DATE},
      </if>
      <if test="currency != null" >
        Currency = #{currency,jdbcType=VARCHAR},
      </if>
      <if test="businclass != null" >
        BusinClass = #{businclass,jdbcType=INTEGER},
      </if>
      <if test="amount != null" >
        Amount = #{amount,jdbcType=DECIMAL},
      </if>
      <if test="ismargin != null" >
        IsMargin = #{ismargin,jdbcType=BIT},
      </if>
      <if test="issettled != null" >
        IsSettled = #{issettled,jdbcType=BIT},
      </if>
      <if test="status != null" >
        Status = #{status,jdbcType=INTEGER},
      </if>
      <if test="errormessage != null" >
        ErrorMessage = #{errormessage,jdbcType=VARCHAR},
      </if>
      <if test="comment != null" >
        Comment = #{comment,jdbcType=VARCHAR},
      </if>
      <if test="checkoperator != null" >
        CheckOperator = #{checkoperator,jdbcType=VARCHAR},
      </if>
      <if test="checktime != null" >
        CheckTime = #{checktime,jdbcType=TIMESTAMP},
      </if>
      <if test="settleoperator != null" >
        SettleOperator = #{settleoperator,jdbcType=VARCHAR},
      </if>
      <if test="settletime != null" >
        SettleTime = #{settletime,jdbcType=TIMESTAMP},
      </if>
      <if test="lastupdateuser != null" >
        LastUpdateUser = #{lastupdateuser,jdbcType=VARCHAR},
      </if>
      <if test="lastupdatetime != null" >
        LastUpdateTime = #{lastupdatetime,jdbcType=TIMESTAMP},
      </if>
    </set>
    where ID = #{id,jdbcType=INTEGER}
  </update>
  <update id="updateByPrimaryKey" parameterType="com.modules.cashflow.model.CashflowModel" >
    update cashflow
    set SerialNo = #{serialno,jdbcType=VARCHAR},
      TradeID = #{tradeid,jdbcType=VARCHAR},
      ClientID = #{clientid,jdbcType=VARCHAR},
      Date = #{date,jdbcType=DATE},
      SettlementDate = #{settlementdate,jdbcType=DATE},
      Currency = #{currency,jdbcType=VARCHAR},
      BusinClass = #{businclass,jdbcType=INTEGER},
      Amount = #{amount,jdbcType=DECIMAL},
      IsMargin = #{ismargin,jdbcType=BIT},
      IsSettled = #{issettled,jdbcType=BIT},
      Status = #{status,jdbcType=INTEGER},
      ErrorMessage = #{errormessage,jdbcType=VARCHAR},
      Comment = #{comment,jdbcType=VARCHAR},
      CheckOperator = #{checkoperator,jdbcType=VARCHAR},
      CheckTime = #{checktime,jdbcType=TIMESTAMP},
      SettleOperator = #{settleoperator,jdbcType=VARCHAR},
      SettleTime = #{settletime,jdbcType=TIMESTAMP},
      LastUpdateUser = #{lastupdateuser,jdbcType=VARCHAR},
      LastUpdateTime = #{lastupdatetime,jdbcType=TIMESTAMP}
    where ID = #{id,jdbcType=INTEGER}
  </update>
</mapper>