<?xml version="1.0" encoding="UTF-8" ?>
<!DOCTYPE mapper PUBLIC "-//mybatis.org//DTD Mapper 3.0//EN" "http://mybatis.org/dtd/mybatis-3-mapper.dtd" >
<mapper namespace="com.modules.volatility.dao.VolatilityModelMapper" >
  <resultMap id="BaseResultMap" type="com.modules.volatility.model.VolatilityModel" >
    <id column="ID" property="id" jdbcType="INTEGER" />
    <result column="Underlying" property="underlying" jdbcType="VARCHAR" />
    <result column="Parameter" property="parameter" jdbcType="INTEGER" />
    <result column="Family" property="family" jdbcType="INTEGER" />
    <result column="Currency" property="currency" jdbcType="VARCHAR" />
    <result column="VolDate" property="voldate" jdbcType="DATE" />
    <result column="ATMVol" property="atmvol" jdbcType="DECIMAL" />
    <result column="Skew" property="skew" jdbcType="DECIMAL" />
    <result column="Kurt" property="kurt" jdbcType="DECIMAL" />
    <result column="Callwing" property="callwing" jdbcType="DECIMAL" />
    <result column="Putwing" property="putwing" jdbcType="DECIMAL" />
    <result column="LastUpdateUser" property="lastupdateuser" jdbcType="VARCHAR" />
    <result column="LastUpdateTime" property="lastupdatetime" jdbcType="TIMESTAMP" />
  </resultMap>
  <sql id="Example_Where_Clause" >
    <where >
      <foreach collection="oredCriteria" item="criteria" separator="or" >
        <if test="criteria.valid" >
          <trim prefix="(" suffix=")" prefixOverrides="and" >
            <foreach collection="criteria.criteria" item="criterion" >
              <choose >
                <when test="criterion.noValue" >
                  and ${criterion.condition}
                </when>
                <when test="criterion.singleValue" >
                  and ${criterion.condition} #{criterion.value}
                </when>
                <when test="criterion.betweenValue" >
                  and ${criterion.condition} #{criterion.value} and #{criterion.secondValue}
                </when>
                <when test="criterion.listValue" >
                  and ${criterion.condition}
                  <foreach collection="criterion.value" item="listItem" open="(" close=")" separator="," >
                    #{listItem}
                  </foreach>
                </when>
              </choose>
            </foreach>
          </trim>
        </if>
      </foreach>
    </where>
  </sql>
  <sql id="Update_By_Example_Where_Clause" >
    <where >
      <foreach collection="example.oredCriteria" item="criteria" separator="or" >
        <if test="criteria.valid" >
          <trim prefix="(" suffix=")" prefixOverrides="and" >
            <foreach collection="criteria.criteria" item="criterion" >
              <choose >
                <when test="criterion.noValue" >
                  and ${criterion.condition}
                </when>
                <when test="criterion.singleValue" >
                  and ${criterion.condition} #{criterion.value}
                </when>
                <when test="criterion.betweenValue" >
                  and ${criterion.condition} #{criterion.value} and #{criterion.secondValue}
                </when>
                <when test="criterion.listValue" >
                  and ${criterion.condition}
                  <foreach collection="criterion.value" item="listItem" open="(" close=")" separator="," >
                    #{listItem}
                  </foreach>
                </when>
              </choose>
            </foreach>
          </trim>
        </if>
      </foreach>
    </where>
  </sql>
  <sql id="Base_Column_List" >
    ID, Underlying, Parameter, Family, Currency, VolDate, ATMVol, Skew, Kurt, Callwing, 
    Putwing, LastUpdateUser, LastUpdateTime
  </sql>
  <select id="selectByExample" resultMap="BaseResultMap" parameterType="com.modules.volatility.model.VolatilityModelExample" >
    select
    <if test="distinct" >
      distinct
    </if>
    'false' as QUERYID,
    <include refid="Base_Column_List" />
    from volatility
    <if test="_parameter != null" >
      <include refid="Example_Where_Clause" />
    </if>
    <if test="orderByClause != null" >
      order by ${orderByClause}
    </if>
  </select>
  <select id="selectByPrimaryKey" resultMap="BaseResultMap" parameterType="java.lang.Integer" >
    select 
    <include refid="Base_Column_List" />
    from volatility
    where ID = #{id,jdbcType=INTEGER}
  </select>
  <delete id="deleteByPrimaryKey" parameterType="java.lang.Integer" >
    delete from volatility
    where ID = #{id,jdbcType=INTEGER}
  </delete>
  <delete id="deleteByExample" parameterType="com.modules.volatility.model.VolatilityModelExample" >
    delete from volatility
    <if test="_parameter != null" >
      <include refid="Example_Where_Clause" />
    </if>
  </delete>
  <insert id="insert" parameterType="com.modules.volatility.model.VolatilityModel" >
    insert into volatility (ID, Underlying, Parameter, 
      Family, Currency, VolDate, 
      ATMVol, Skew, Kurt, 
      Callwing, Putwing, LastUpdateUser, 
      LastUpdateTime)
    values (#{id,jdbcType=INTEGER}, #{underlying,jdbcType=VARCHAR}, #{parameter,jdbcType=INTEGER}, 
      #{family,jdbcType=INTEGER}, #{currency,jdbcType=VARCHAR}, #{voldate,jdbcType=DATE}, 
      #{atmvol,jdbcType=DECIMAL}, #{skew,jdbcType=DECIMAL}, #{kurt,jdbcType=DECIMAL}, 
      #{callwing,jdbcType=DECIMAL}, #{putwing,jdbcType=DECIMAL}, #{lastupdateuser,jdbcType=VARCHAR}, 
      #{lastupdatetime,jdbcType=TIMESTAMP})
  </insert>
  <insert id="insertSelective" parameterType="com.modules.volatility.model.VolatilityModel" >
    insert into volatility
    <trim prefix="(" suffix=")" suffixOverrides="," >
      <if test="id != null" >
        ID,
      </if>
      <if test="underlying != null" >
        Underlying,
      </if>
      <if test="parameter != null" >
        Parameter,
      </if>
      <if test="family != null" >
        Family,
      </if>
      <if test="currency != null" >
        Currency,
      </if>
      <if test="voldate != null" >
        VolDate,
      </if>
      <if test="atmvol != null" >
        ATMVol,
      </if>
      <if test="skew != null" >
        Skew,
      </if>
      <if test="kurt != null" >
        Kurt,
      </if>
      <if test="callwing != null" >
        Callwing,
      </if>
      <if test="putwing != null" >
        Putwing,
      </if>
      <if test="lastupdateuser != null" >
        LastUpdateUser,
      </if>
      <if test="lastupdatetime != null" >
        LastUpdateTime,
      </if>
    </trim>
    <trim prefix="values (" suffix=")" suffixOverrides="," >
      <if test="id != null" >
        #{id,jdbcType=INTEGER},
      </if>
      <if test="underlying != null" >
        #{underlying,jdbcType=VARCHAR},
      </if>
      <if test="parameter != null" >
        #{parameter,jdbcType=INTEGER},
      </if>
      <if test="family != null" >
        #{family,jdbcType=INTEGER},
      </if>
      <if test="currency != null" >
        #{currency,jdbcType=VARCHAR},
      </if>
      <if test="voldate != null" >
        #{voldate,jdbcType=DATE},
      </if>
      <if test="atmvol != null" >
        #{atmvol,jdbcType=DECIMAL},
      </if>
      <if test="skew != null" >
        #{skew,jdbcType=DECIMAL},
      </if>
      <if test="kurt != null" >
        #{kurt,jdbcType=DECIMAL},
      </if>
      <if test="callwing != null" >
        #{callwing,jdbcType=DECIMAL},
      </if>
      <if test="putwing != null" >
        #{putwing,jdbcType=DECIMAL},
      </if>
      <if test="lastupdateuser != null" >
        #{lastupdateuser,jdbcType=VARCHAR},
      </if>
      <if test="lastupdatetime != null" >
        #{lastupdatetime,jdbcType=TIMESTAMP},
      </if>
    </trim>
  </insert>
  <select id="countByExample" parameterType="com.modules.volatility.model.VolatilityModelExample" resultType="java.lang.Integer" >
    select count(*) from volatility
    <if test="_parameter != null" >
      <include refid="Example_Where_Clause" />
    </if>
  </select>
  <update id="updateByExampleSelective" parameterType="map" >
    update volatility
    <set >
      <if test="record.id != null" >
        ID = #{record.id,jdbcType=INTEGER},
      </if>
      <if test="record.underlying != null" >
        Underlying = #{record.underlying,jdbcType=VARCHAR},
      </if>
      <if test="record.parameter != null" >
        Parameter = #{record.parameter,jdbcType=INTEGER},
      </if>
      <if test="record.family != null" >
        Family = #{record.family,jdbcType=INTEGER},
      </if>
      <if test="record.currency != null" >
        Currency = #{record.currency,jdbcType=VARCHAR},
      </if>
      <if test="record.voldate != null" >
        VolDate = #{record.voldate,jdbcType=DATE},
      </if>
      <if test="record.atmvol != null" >
        ATMVol = #{record.atmvol,jdbcType=DECIMAL},
      </if>
      <if test="record.skew != null" >
        Skew = #{record.skew,jdbcType=DECIMAL},
      </if>
      <if test="record.kurt != null" >
        Kurt = #{record.kurt,jdbcType=DECIMAL},
      </if>
      <if test="record.callwing != null" >
        Callwing = #{record.callwing,jdbcType=DECIMAL},
      </if>
      <if test="record.putwing != null" >
        Putwing = #{record.putwing,jdbcType=DECIMAL},
      </if>
      <if test="record.lastupdateuser != null" >
        LastUpdateUser = #{record.lastupdateuser,jdbcType=VARCHAR},
      </if>
      <if test="record.lastupdatetime != null" >
        LastUpdateTime = #{record.lastupdatetime,jdbcType=TIMESTAMP},
      </if>
    </set>
    <if test="_parameter != null" >
      <include refid="Update_By_Example_Where_Clause" />
    </if>
  </update>
  <update id="updateByExample" parameterType="map" >
    update volatility
    set ID = #{record.id,jdbcType=INTEGER},
      Underlying = #{record.underlying,jdbcType=VARCHAR},
      Parameter = #{record.parameter,jdbcType=INTEGER},
      Family = #{record.family,jdbcType=INTEGER},
      Currency = #{record.currency,jdbcType=VARCHAR},
      VolDate = #{record.voldate,jdbcType=DATE},
      ATMVol = #{record.atmvol,jdbcType=DECIMAL},
      Skew = #{record.skew,jdbcType=DECIMAL},
      Kurt = #{record.kurt,jdbcType=DECIMAL},
      Callwing = #{record.callwing,jdbcType=DECIMAL},
      Putwing = #{record.putwing,jdbcType=DECIMAL},
      LastUpdateUser = #{record.lastupdateuser,jdbcType=VARCHAR},
      LastUpdateTime = #{record.lastupdatetime,jdbcType=TIMESTAMP}
    <if test="_parameter != null" >
      <include refid="Update_By_Example_Where_Clause" />
    </if>
  </update>
  <update id="updateByPrimaryKeySelective" parameterType="com.modules.volatility.model.VolatilityModel" >
    update volatility
    <set >
      <if test="underlying != null" >
        Underlying = #{underlying,jdbcType=VARCHAR},
      </if>
      <if test="parameter != null" >
        Parameter = #{parameter,jdbcType=INTEGER},
      </if>
      <if test="family != null" >
        Family = #{family,jdbcType=INTEGER},
      </if>
      <if test="currency != null" >
        Currency = #{currency,jdbcType=VARCHAR},
      </if>
      <if test="voldate != null" >
        VolDate = #{voldate,jdbcType=DATE},
      </if>
      <if test="atmvol != null" >
        ATMVol = #{atmvol,jdbcType=DECIMAL},
      </if>
      <if test="skew != null" >
        Skew = #{skew,jdbcType=DECIMAL},
      </if>
      <if test="kurt != null" >
        Kurt = #{kurt,jdbcType=DECIMAL},
      </if>
      <if test="callwing != null" >
        Callwing = #{callwing,jdbcType=DECIMAL},
      </if>
      <if test="putwing != null" >
        Putwing = #{putwing,jdbcType=DECIMAL},
      </if>
      <if test="lastupdateuser != null" >
        LastUpdateUser = #{lastupdateuser,jdbcType=VARCHAR},
      </if>
      <if test="lastupdatetime != null" >
        LastUpdateTime = #{lastupdatetime,jdbcType=TIMESTAMP},
      </if>
    </set>
    where ID = #{id,jdbcType=INTEGER}
  </update>
  <update id="updateByPrimaryKey" parameterType="com.modules.volatility.model.VolatilityModel" >
    update volatility
    set Underlying = #{underlying,jdbcType=VARCHAR},
      Parameter = #{parameter,jdbcType=INTEGER},
      Family = #{family,jdbcType=INTEGER},
      Currency = #{currency,jdbcType=VARCHAR},
      VolDate = #{voldate,jdbcType=DATE},
      ATMVol = #{atmvol,jdbcType=DECIMAL},
      Skew = #{skew,jdbcType=DECIMAL},
      Kurt = #{kurt,jdbcType=DECIMAL},
      Callwing = #{callwing,jdbcType=DECIMAL},
      Putwing = #{putwing,jdbcType=DECIMAL},
      LastUpdateUser = #{lastupdateuser,jdbcType=VARCHAR},
      LastUpdateTime = #{lastupdatetime,jdbcType=TIMESTAMP}
    where ID = #{id,jdbcType=INTEGER}
  </update>
</mapper>